"ID","Address","City","State","Zip","lat","long","id","input_address","match_indicator","match_type","matched_address","tiger_line_id","tiger_side"
320501,"980 WASHINGTON STREET","STOUGHTON","MA",2072,42.1189879950001,-71.101233834,1,"980 WASHINGTON STREET, STOUGHTON, MA, 2072","Match","Exact","980 WASHINGTON ST, STOUGHTON, MA, 02072",87267479,"L"
320502,"980 WASHINGTON","STOUGHTON","MA",2072,42.1189879950001,-71.101233834,2,"980 WASHINGTON, STOUGHTON, MA, 2072","Match","Non_Exact","980 WASHINGTON ST, STOUGHTON, MA, 02072",87267479,"L"
320503,"980 WEST CLEVELAND STREET  APT 3","FAYETTEVILLE","AR",72701,36.073941991,-94.1738804889999,3,"980 WEST CLEVELAND STREET  APT 3, FAYETTEVILLE, AR, 72701","Match","Exact","980 W CLEVELAND ST, FAYETTEVILLE, AR, 72701",49045093,"R"
320504,"980 WINDING OAK TRAIL","LEXINGTON","KY",40511,38.1098983860001,-84.541199394,4,"980 WINDING OAK TRAIL, LEXINGTON, KY, 40511","Match","Exact","980 WINDING OAK TRL, LEXINGTON, KY, 40511",634859456,"R"
320505,"9800 - 208TH AVE NE","REDMOND","WI",98053,NA,NA,5,"9800 - 208TH AVE NE, REDMOND, WI, 98053","No_Match",NA,NA,NA,NA
320506,"9800 99TH AVE N","MAPLE GROVE","MN",55369,45.133679785,-93.4060323909999,6,"9800 99TH AVE N, MAPLE GROVE, MN, 55369","Match","Exact","9800 99TH AVE N, MAPLE GROVE, MN, 55369",43841668,"R"
320507,"9800 AIRLINE HIGHWAY SUITE 235","BATON ROUGE","LA",70816,30.428735616,-91.0787043569999,7,"9800 AIRLINE HIGHWAY SUITE 235, BATON ROUGE, LA, 70816","Match","Exact","9800 AIRLINE HWY, BATON ROUGE, LA, 70816",635973334,"R"
320508,"9800 AIRLINE HIGHWAY SUITE 265","BATON ROUGE","LA",70816,30.428735616,-91.0787043569999,8,"9800 AIRLINE HIGHWAY SUITE 265, BATON ROUGE, LA, 70816","Match","Exact","9800 AIRLINE HWY, BATON ROUGE, LA, 70816",635973334,"R"
320509,"9800 AIRLINE HWY  SUITE 430","BATON ROUGE","LA",70816,30.428735616,-91.0787043569999,9,"9800 AIRLINE HWY  SUITE 430, BATON ROUGE, LA, 70816","Match","Exact","9800 AIRLINE HWY, BATON ROUGE, LA, 70816",635973334,"R"
320510,"9800 AIRLINE HWY STE 221","BATON ROUGE","LA",70816,30.428735616,-91.0787043569999,10,"9800 AIRLINE HWY STE 221, BATON ROUGE, LA, 70816","Match","Exact","9800 AIRLINE HWY, BATON ROUGE, LA, 70816",635973334,"R"
320511,"9800 AIRLINE HWY","BATON ROUGE","LA",70816,30.428735616,-91.0787043569999,11,"9800 AIRLINE HWY, BATON ROUGE, LA, 70816","Match","Exact","9800 AIRLINE HWY, BATON ROUGE, LA, 70816",635973334,"R"
320512,"9800 BUCCANEER MALL  BLDG 2  STE  6","ST THOMAS","VI",802,NA,NA,12,"9800 BUCCANEER MALL  BLDG 2  STE  6, ST THOMAS, VI, 802","No_Match",NA,NA,NA,NA
320513,"9800 BURKE LAKE RD","BURKE","VA",22015,38.782190821,-77.28277016,13,"9800 BURKE LAKE RD, BURKE, VA, 22015","Match","Exact","9800 BURKE LAKE RD, BURKE, VA, 22015",76005136,"R"
320514,"9800 CENTRE PKWY 636","HOUSTON","TX",77036,NA,NA,14,"9800 CENTRE PKWY 636, HOUSTON, TX, 77036","No_Match",NA,NA,NA,NA
320515,"9800 CLUB CREEK DRIVE","HOUSTON","TX",77036,NA,NA,15,"9800 CLUB CREEK DRIVE, HOUSTON, TX, 77036","No_Match",NA,NA,NA,NA
320516,"9800 CORIANDER COURT","CHARLOTTE","NC",28215,35.233217675,-80.662318335,16,"9800 CORIANDER COURT, CHARLOTTE, NC, 28215","Match","Exact","9800 CORIANDER CT, CHARLOTTE, NC, 28215",70545590,"R"
320517,"9800 DARTMOUTH PLACE","LAKEWOOD","CO",80227,39.660752985,-105.109084619,17,"9800 DARTMOUTH PLACE, LAKEWOOD, CO, 80227","Match","Non_Exact","9800 W DARTMOUTH PL, LAKEWOOD, CO, 80227",177737484,"R"
320518,"9800 DELEMAR HIGHWAY","SUMMERVILLE","SC",29485,NA,NA,18,"9800 DELEMAR HIGHWAY, SUMMERVILLE, SC, 29485","No_Match",NA,NA,NA,NA
320519,"9800 DELEMAR HWY","SUMMERVILLE","SC",29485,NA,NA,19,"9800 DELEMAR HWY, SUMMERVILLE, SC, 29485","No_Match",NA,NA,NA,NA
320520,"9800 DERECHO DR","AUSTIN","TX",78737,30.227825839,-97.936964844,20,"9800 DERECHO DR, AUSTIN, TX, 78737","Match","Exact","9800 DERECHO DR, AUSTIN, TX, 78737",642470933,"R"
320521,"9800 ELK GROVE BLVD","ELK GROVE","CA",95624,NA,NA,21,"9800 ELK GROVE BLVD, ELK GROVE, CA, 95624","No_Match",NA,NA,NA,NA
320522,"9800 FLINGRIDGE COURT","FAIRFAX","VA",22032,NA,NA,22,"9800 FLINGRIDGE COURT, FAIRFAX, VA, 22032","No_Match",NA,NA,NA,NA
320523,"9800 GLACIER DRIVE","MIRAMAR","FL",33025,25.984205864,-80.2748177079999,23,"9800 GLACIER DRIVE, MIRAMAR, FL, 33025","Match","Exact","9800 GLACIER DR, MIRAMAR, FL, 33025",114770483,"L"
320524,"9800 GRAND SANDESTIN BLVD UNIT 5312","MIRAMAR BEACH","FL",32550,30.392526457,-86.324839858,24,"9800 GRAND SANDESTIN BLVD UNIT 5312, MIRAMAR BEACH, FL, 32550","Match","Exact","9800 GRAND SANDESTIN BLVD, MIRAMAR BEACH, FL, 32550",640858134,"R"
320525,"9800 HEMINGWAY AVENUE SOUTH","COTTAGE GROVE","MN",55016,NA,NA,25,"9800 HEMINGWAY AVENUE SOUTH, COTTAGE GROVE, MN, 55016","No_Match",NA,NA,NA,NA
320526,"9800 JUG ST NW","PATASKALA","OH",43062,NA,NA,26,"9800 JUG ST NW, PATASKALA, OH, 43062","No_Match",NA,NA,NA,NA
320527,"9800 LOGAN AVE S SUITE 17","BLOOMINGTON","MN",55431,44.8260449310001,-93.3038062369999,27,"9800 LOGAN AVE S SUITE 17, BLOOMINGTON, MN, 55431","Match","Exact","9800 LOGAN AVE S, BLOOMINGTON, MN, 55431",43689006,"R"
320528,"9800 METRIC BLVD STE 300","AUSTIN","TX",78758,30.379055178,-97.716678427,28,"9800 METRIC BLVD STE 300, AUSTIN, TX, 78758","Match","Exact","9800 METRIC BLVD, AUSTIN, TX, 78758",642468994,"L"
320529,"9800 MILLS AVE","WHITTIER","CA",90604,33.944401133,-118.024175779,29,"9800 MILLS AVE, WHITTIER, CA, 90604","Match","Exact","9800 MILLS AVE, WHITTIER, CA, 90604",142798458,"L"
320530,"9800 NE 104TH CT","VANCOUVER","WA",98662,45.6925776150001,-122.566133535,30,"9800 NE 104TH CT, VANCOUVER, WA, 98662","Match","Exact","9800 NE 104TH CT, VANCOUVER, WA, 98662",158368403,"L"
320531,"9800 NORTHWEST FWY  SUITE 300","HOUSTON","TX",77092,29.8054625940001,-95.453094537,31,"9800 NORTHWEST FWY  SUITE 300, HOUSTON, TX, 77092","Match","Exact","9800 NORTHWEST FWY, HOUSTON, TX, 77092",96636109,"R"
320532,"9800 NW POLO","KANSAS CITY","MO",64153,39.273340519,-94.666452765,32,"9800 NW POLO, KANSAS CITY, MO, 64153","Match","Non_Exact","9800 NW POLO DR, KANSAS CITY, MO, 64153",39712454,"R"
320533,"9800 RICHMOND AVE SUITE 340","HOUSTON","TX",77042,29.727805878,-95.5420606979999,33,"9800 RICHMOND AVE SUITE 340, HOUSTON, TX, 77042","Match","Exact","9800 RICHMOND AVE, HOUSTON, TX, 77042",96613642,"R"
320534,"9800 S LA CIENEGA BLVD SUITE 310","LOS ANGELES","CA",90301,NA,NA,34,"9800 S LA CIENEGA BLVD SUITE 310, LOS ANGELES, CA, 90301","No_Match",NA,NA,NA,NA
320535,"9800 S PALMER ROAD","NEW CARLISLE","OH",45344,39.8809098130001,-84.057720697,35,"9800 S PALMER ROAD, NEW CARLISLE, OH, 45344","Match","Exact","9800 S PALMER RD, NEW CARLISLE, OH, 45344",207638834,"R"
320536,"9800 SAVAGE RD","FORT MEADE","MD",20755,39.1080544910001,-76.7745670429999,36,"9800 SAVAGE RD, FORT MEADE, MD, 20755","Match","Exact","9800 SAVAGE RD, FORT MEADE, MD, 20755",612563908,"R"
320537,"9800 SPECTRUM DRIVE","AUSTIN","TX",78717,NA,NA,37,"9800 SPECTRUM DRIVE, AUSTIN, TX, 78717","No_Match",NA,NA,NA,NA
320538,"9800 TOUCHTON ROAD APT 317","JACKSONVILLE","FL",32246,30.2695887840001,-81.5647578049999,38,"9800 TOUCHTON ROAD APT 317, JACKSONVILLE, FL, 32246","Match","Exact","9800 TOUCHTON RD, JACKSONVILLE, FL, 32246",647389445,"R"
320539,"9800 US HIGHWAY 22 E","STOUTSVILLE","OH",43154,39.6295803790001,-82.842257338,39,"9800 US HIGHWAY 22 E, STOUTSVILLE, OH, 43154","Match","Non_Exact","9800 US HWY 22, STOUTSVILLE, OH, 43154",624000785,"L"
320540,"9800 W SKYCLIFFE AVE","BOISE","ID",83704,43.6547496900001,-116.304166484,40,"9800 W SKYCLIFFE AVE, BOISE, ID, 83704","Match","Exact","9800 SKYCLIFFE AVE, BOISE, ID, 83704",117856299,"L"
320541,"9800 WEST DARTMOUTH PLACE","LAKEWOOD","CO",80227,39.660752985,-105.109084619,41,"9800 WEST DARTMOUTH PLACE, LAKEWOOD, CO, 80227","Match","Exact","9800 W DARTMOUTH PL, LAKEWOOD, CO, 80227",177737484,"R"
320542,"9800 WESTWARD DRIVE","AUSTIN","TX",78733,30.3288085720001,-97.8723001389999,42,"9800 WESTWARD DRIVE, AUSTIN, TX, 78733","Match","Exact","9800 WESTWARD DR, AUSTIN, TX, 78733",63924859,"R"
320543,"9801 185TH ST E","PRIOR LAKE","MN",55372,44.681355169,-93.325492213,43,"9801 185TH ST E, PRIOR LAKE, MN, 55372","Match","Exact","9801 185TH ST E, PRIOR LAKE, MN, 55372",641357425,"L"
320544,"9801 AMANITA AVE","TUJUNGA","CA",91042,34.2457271380001,-118.267758408,44,"9801 AMANITA AVE, TUJUNGA, CA, 91042","Match","Exact","9801 AMANITA AVE, TUJUNGA, CA, 91042",142688302,"L"
320545,"9801 APOLLO DR UNIT 6792","LARGO","MD",20792,38.905547282,-76.839888383,45,"9801 APOLLO DR UNIT 6792, LARGO, MD, 20792","Match","Non_Exact","9801 APOLLO DR, LARGO, MD, 20774",76367368,"L"
320546,"9801 APOLLO DR UNIT 7755","LARGO","MD",20792,38.905547282,-76.839888383,46,"9801 APOLLO DR UNIT 7755, LARGO, MD, 20792","Match","Non_Exact","9801 APOLLO DR, LARGO, MD, 20774",76367368,"L"
320547,"9801 APOLLO DRIVE 7312","LARGO","MD",20792,38.905547282,-76.839888383,47,"9801 APOLLO DRIVE 7312, LARGO, MD, 20792","Match","Non_Exact","9801 APOLLO DR, LARGO, MD, 20774",76367368,"L"
320548,"9801 APOLLO DRIVE PO BOX 6394","UPPER MARLBORO","MD",20792,38.905547282,-76.839888383,48,"9801 APOLLO DRIVE PO BOX 6394, UPPER MARLBORO, MD, 20792","Match","Non_Exact","9801 APOLLO DR, UPPER MARLBORO, MD, 20774",76367368,"L"
320549,"9801 APOLLO DRIVE UNIT 7794","UPPER MARLBORO","MD",20774,38.905547282,-76.839888383,49,"9801 APOLLO DRIVE UNIT 7794, UPPER MARLBORO, MD, 20774","Match","Exact","9801 APOLLO DR, UPPER MARLBORO, MD, 20774",76367368,"L"
320550,"9801 BLUE LICK ROAD","LOUISVILLE","KY",40229,38.1063051200001,-85.69242353,50,"9801 BLUE LICK ROAD, LOUISVILLE, KY, 40229","Match","Exact","9801 BLUE LICK RD, LOUISVILLE, KY, 40229",96859156,"L"
320551,"9801 CHALMERS","DETROIT","MI",48213,42.4112672590001,-82.968700814,51,"9801 CHALMERS, DETROIT, MI, 48213","Match","Non_Exact","9801 CHALMERS ST, DETROIT, MI, 48213",95469409,"L"
320552,"9801 DUPONT AVENUE SOUTH  SUITE 250","BLOOMINGTON","MN",55431,44.826213421,-93.293761576,52,"9801 DUPONT AVENUE SOUTH  SUITE 250, BLOOMINGTON, MN, 55431","Match","Exact","9801 DUPONT AVE S, BLOOMINGTON, MN, 55431",43662122,"L"
320553,"9801 E 118TH ST S","BIXBY","OK",74008,35.9923911820001,-95.867791994,53,"9801 E 118TH ST S, BIXBY, OK, 74008","Match","Exact","9801 E 118TH ST S, BIXBY, OK, 74008",166463067,"L"
320554,"9801 EAST 59TH STREET","INDIANAPOLIS","IN",46216,39.863007032,-85.9951047769999,54,"9801 EAST 59TH STREET, INDIANAPOLIS, IN, 46216","Match","Exact","9801 E 59TH ST, INDIANAPOLIS, IN, 46216",108053539,"R"
320555,"9801 FALL CREEK RD BOX 183","INDIANAPOLIS","IN",46236,39.898395969,-85.9958067809999,55,"9801 FALL CREEK RD BOX 183, INDIANAPOLIS, IN, 46236","Match","Non_Exact","9801 FALL CREEK RD, INDIANAPOLIS, IN, 46256",108011050,"R"
320556,"9801 FALL CREEK RD","INDIANAPOLIS","IN",46256,39.898395969,-85.9958067809999,56,"9801 FALL CREEK RD, INDIANAPOLIS, IN, 46256","Match","Exact","9801 FALL CREEK RD, INDIANAPOLIS, IN, 46256",108011050,"R"
320557,"9801 FALL CREEK ROAD - SUITE 325","INDIANAPOLIS","IN",46256,39.898395969,-85.9958067809999,57,"9801 FALL CREEK ROAD - SUITE 325, INDIANAPOLIS, IN, 46256","Match","Exact","9801 FALL CREEK RD, INDIANAPOLIS, IN, 46256",108011050,"R"
320558,"9801 FALLCREEK RD 250","INDIANAPOLIS","IN",46256,39.898395969,-85.9958067809999,58,"9801 FALLCREEK RD 250, INDIANAPOLIS, IN, 46256","Match","Non_Exact","9801 FALL CREEK RD, INDIANAPOLIS, IN, 46256",108011050,"R"
320559,"9801 FLINT ROCK RD","MANASSAS","VA",20112,38.7053211320001,-77.495246328,59,"9801 FLINT ROCK RD, MANASSAS, VA, 20112","Match","Exact","9801 FLINT ROCK RD, MANASSAS, VA, 20112",207151098,"L"
320560,"9801 FRANKFORD AVENUE","PHILADELPHIA","PA",19114,40.0616824790001,-74.988300492,60,"9801 FRANKFORD AVENUE, PHILADELPHIA, PA, 19114","Match","Exact","9801 FRANKFORD AVE, PHILADELPHIA, PA, 19114",638965947,"R"
320561,"9801 FRONT ST","PINCKNEY","MI",48169,42.4569172830001,-83.851973753,61,"9801 FRONT ST, PINCKNEY, MI, 48169","Match","Exact","9801 FRONT ST, PINCKNEY, MI, 48169",636254550,"L"
320562,"9801 GREENBELT RD","LANHAM","MD",20706,38.9914251810001,-76.840155371,62,"9801 GREENBELT RD, LANHAM, MD, 20706","Match","Exact","9801 GREENBELT RD, LANHAM, MD, 20706",76402025,"R"
320563,"9801 HEALY COURT","UPPER MARLBORO","MD",20772,38.7852863850001,-76.8358170129999,63,"9801 HEALY COURT, UPPER MARLBORO, MD, 20772","Match","Exact","9801 HEALY CT, UPPER MARLBORO, MD, 20772",76321364,"R"
320564,"9801 KINCEY AVE   STE 187","HUNTERSVILLE","NC",28078,35.404366537,-80.8636958019999,64,"9801 KINCEY AVE   STE 187, HUNTERSVILLE, NC, 28078","Match","Exact","9801 KINCEY AVE, HUNTERSVILLE, NC, 28078",648378783,"R"
320565,"9801 LA VONDA ST","RIVERVIEW","FL",33569,27.8588238410001,-82.309910555,65,"9801 LA VONDA ST, RIVERVIEW, FL, 33569","Match","Exact","9801 LA VONDA ST, RIVERVIEW, FL, 33569",104592837,"L"
320566,"9801 N  KELLEY","OKLAHOMA CITY","OK",73131,35.570440166,-97.495943008,66,"9801 N  KELLEY, OKLAHOMA CITY, OK, 73131","Match","Non_Exact","9801 N KELLEY AVE, OKLAHOMA CITY, OK, 73131",100395538,"L"
320567,"9801 N KELLEY","OKLAHOMA CITY","OK",73131,35.570440166,-97.495943008,67,"9801 N KELLEY, OKLAHOMA CITY, OK, 73131","Match","Non_Exact","9801 N KELLEY AVE, OKLAHOMA CITY, OK, 73131",100395538,"L"
320568,"9801 N LITCHFIELD RD","EL MIRAGE","AZ",85335,33.5695130820001,-112.358971252,68,"9801 N LITCHFIELD RD, EL MIRAGE, AZ, 85335","Match","Exact","9801 N LITCHFIELD RD, EL MIRAGE, AZ, 85335",647545383,"R"
320569,"9801 NE 366TH ST","LA CENTER","WA",98629,45.8858175410001,-122.573745195,69,"9801 NE 366TH ST, LA CENTER, WA, 98629","Match","Exact","9801 NE 366TH ST, LA CENTER, WA, 98629",158338497,"R"
320570,"9801 S FOX RUN","OAK CREEK","WI",53154,42.8672106770001,-87.9148737149999,70,"9801 S FOX RUN, OAK CREEK, WI, 53154","Match","Exact","9801 S FOX RUN, OAK CREEK, WI, 53154",77764242,"R"
320571,"9801 S HOUSTON","JENKS","OK",74037,36.022107862,-95.999130693,71,"9801 S HOUSTON, JENKS, OK, 74037","Match","Non_Exact","9801 S HOUSTON AVE, JENKS, OK, 74037",166459801,"R"
320572,"9801 SALISBURY","LUBBOCK","TX",79424,33.5048295770001,-101.91016985,72,"9801 SALISBURY, LUBBOCK, TX, 79424","Match","Non_Exact","9801 SALISBURY AVE, LUBBOCK, TX, 79424",185273288,"L"
320573,"9801 SHADOW WOOD DR","VERONA","WI",53593,43.0319040360001,-89.556957159,73,"9801 SHADOW WOOD DR, VERONA, WI, 53593","Match","Exact","9801 SHADOW WOOD DR, VERONA, WI, 53593",627826483,"R"
320574,"9801 SHOUP AVE","CHATSWORTH","CA",91311,34.248293054,-118.614785063,74,"9801 SHOUP AVE, CHATSWORTH, CA, 91311","Match","Exact","9801 SHOUP AVE, CHATSWORTH, CA, 91311",142039608,"L"
320575,"9801 STELLAR VIEW AVE","LAS VEGAS","NV",89117,36.1383160440001,-115.308867646,75,"9801 STELLAR VIEW AVE, LAS VEGAS, NV, 89117","Match","Exact","9801 STELLAR VIEW AVE, LAS VEGAS, NV, 89117",201929085,"L"
320576,"9801 SW 60TH STREET","MIAMI","FL",33173,25.712416573,-80.352727972,76,"9801 SW 60TH STREET, MIAMI, FL, 33173","Match","Exact","9801 SW 60TH ST, MIAMI, FL, 33173",115973703,"R"
320577,"9801 WESTHEIMER ROAD SUITE 302","HOUSTON","TX",77042,29.7370780540001,-95.541477282,77,"9801 WESTHEIMER ROAD SUITE 302, HOUSTON, TX, 77042","Match","Exact","9801 WESTHEIMER RD, HOUSTON, TX, 77042",96619576,"L"
320578,"9802 BAYMEADOWS RD STE 12 PMB 154","JACKSONVILLE","FL",32256,30.2190969860001,-81.555750648,78,"9802 BAYMEADOWS RD STE 12 PMB 154, JACKSONVILLE, FL, 32256","Match","Exact","9802 BAYMEADOWS RD, JACKSONVILLE, FL, 32256",83966684,"L"
320579,"9802 HOLIDAY DRIVE","LOUISVILLE","KY",40272,38.1120489640001,-85.8316268839999,79,"9802 HOLIDAY DRIVE, LOUISVILLE, KY, 40272","Match","Exact","9802 HOLIDAY DR, LOUISVILLE, KY, 40272",96840087,"R"
320580,"9802 HUNTERS RUN ST","GREENVILLE","TX",75402,33.0690355240001,-96.09755534,80,"9802 HUNTERS RUN ST, GREENVILLE, TX, 75402","Match","Exact","9802 HUNTERS RUN ST, GREENVILLE, TX, 75402",42836867,"L"
320581,"9802 LIBERTY HILLS DRIVE","LIBERTY","MO",64068,39.270588849,-94.332150557,81,"9802 LIBERTY HILLS DRIVE, LIBERTY, MO, 64068","Match","Exact","9802 LIBERTY HILLS DR, LIBERTY, MO, 64068",89766203,"L"
320582,"9802 STELLA LINK RD","HOUSTON","TX",77025,29.677703781,-95.439925814,82,"9802 STELLA LINK RD, HOUSTON, TX, 77025","Match","Exact","9802 STELLA LINK RD, HOUSTON, TX, 77025",644863017,"R"
320583,"9802 STOCKPORT CIRCLE","SUMMERVILLE","SC",29485,32.99224996,-80.147678358,83,"9802 STOCKPORT CIRCLE, SUMMERVILLE, SC, 29485","Match","Exact","9802 STOCKPORT CIR, SUMMERVILLE, SC, 29485",649664119,"R"
320584,"9802-12 BAYMEADOWS RD STE 190","JACKSONVILLE","FL",32256,30.2190969860001,-81.555750648,84,"9802-12 BAYMEADOWS RD STE 190, JACKSONVILLE, FL, 32256","Match","Exact","9802 BAYMEADOWS RD, JACKSONVILLE, FL, 32256",83966684,"L"
320585,"9803 BLAINE LAKE DRIVE","HOUSTON","TX",77086,29.918909974,-95.488780934,85,"9803 BLAINE LAKE DRIVE, HOUSTON, TX, 77086","Match","Exact","9803 BLAINE LAKE DR, HOUSTON, TX, 77086",647716521,"R"
320586,"9803 COLDWATER CIRCLE","DALLAS","TX",75228,32.826228342,-96.68673771,86,"9803 COLDWATER CIRCLE, DALLAS, TX, 75228","Match","Exact","9803 COLDWATER CIR, DALLAS, TX, 75228",103262467,"L"
320587,"9803 HALDAMEN AVE B 103","PHILADELPHIA","PA",19115,NA,NA,87,"9803 HALDAMEN AVE B 103, PHILADELPHIA, PA, 19115","No_Match",NA,NA,NA,NA
320588,"9803 OLD ST AUGUSTINE RD","JACKSONVILLE","FL",32257,30.1989884600001,-81.614692337,88,"9803 OLD ST AUGUSTINE RD, JACKSONVILLE, FL, 32257","Match","Exact","9803 ST AUGUSTINE RD, JACKSONVILLE, FL, 32257",629624860,"L"
320589,"9803 STONEHAVEN DR","SHREVEPORT","LA",71118,32.386738022,-93.8027335739999,89,"9803 STONEHAVEN DR, SHREVEPORT, LA, 71118","Match","Exact","9803 STONEHAVEN DR, SHREVEPORT, LA, 71118",57432971,"L"
320590,"9803 WOODLAND HILLS ROAD","TALLAHASSEE","FL",32309,30.602060909,-84.097250744,90,"9803 WOODLAND HILLS ROAD, TALLAHASSEE, FL, 32309","Match","Non_Exact","9803 WOODLAND HILLS WAY, TALLAHASSEE, FL, 32309",82873518,"R"
320591,"980311","WEST SACRAMENTO","CA",95798,NA,NA,91,"980311, WEST SACRAMENTO, CA, 95798","No_Match",NA,NA,NA,NA
320592,"9804 BIGGS RD","MIDDLE RIVER","MD",21220,NA,NA,92,"9804 BIGGS RD, MIDDLE RIVER, MD, 21220","Tie",NA,NA,NA,NA
320593,"9804 LAKE POINT COURT UNIT 203","UPPER MARLBORO","MD",20774,38.8992794480001,-76.8366388969999,93,"9804 LAKE POINT COURT UNIT 203, UPPER MARLBORO, MD, 20774","Match","Exact","9804 LAKE POINT CT, UPPER MARLBORO, MD, 20774",76346588,"L"
320594,"9804 MANCHESTER ROAD SUITE D","SAINT LOUIS","MO",63119,38.6069693520001,-90.3732879739999,94,"9804 MANCHESTER ROAD SUITE D, SAINT LOUIS, MO, 63119","Match","Exact","9804 MANCHESTER RD, SAINT LOUIS, MO, 63119",100132277,"L"
320595,"9804 MCDOUGALD RD","SANFORD","NC",27330,NA,NA,95,"9804 MCDOUGALD RD, SANFORD, NC, 27330","No_Match",NA,NA,NA,NA
320596,"9804 OLD WARSON ROAD","LADUE","MO",63124,38.615202341,-90.379449949,96,"9804 OLD WARSON ROAD, LADUE, MO, 63124","Match","Non_Exact","9804 OLD WARSON RD, CLAYTON, MO, 63124",100132090,"L"
320597,"9804 OLIPHANT RD","BATON ROUGE","LA",70809,30.404888112,-91.075770182,97,"9804 OLIPHANT RD, BATON ROUGE, LA, 70809","Match","Exact","9804 OLIPHANT RD, BATON ROUGE, LA, 70809",606183951,"R"
320598,"9804 PALMETTO DUNES CT","ORLANDO","FL",32832,28.4024297240001,-81.225665568,98,"9804 PALMETTO DUNES CT, ORLANDO, FL, 32832","Match","Exact","9804 PALMETTO DUNES CT, ORLANDO, FL, 32832",94406824,"L"
320599,"9804 PALOMINO DRIVE","ROGERS","AR",72758,36.2929010120001,-94.06169161,99,"9804 PALOMINO DRIVE, ROGERS, AR, 72758","Match","Exact","9804 PALOMINO DR, ROGERS, AR, 72758",47836817,"R"
320600,"9804 PENBRIDGE DRIVE","GRANITE BAY","CA",95746,38.7201915590001,-121.212453575,100,"9804 PENBRIDGE DRIVE, GRANITE BAY, CA, 95746","Match","Exact","9804 PENBRIDGE DR, GRANITE BAY, CA, 95746",106801931,"L"
320601,"9804 SUMMER GLEN WAY","ELK GROVE","CA",95757,38.401861094,-121.43719238,101,"9804 SUMMER GLEN WAY, ELK GROVE, CA, 95757","Match","Exact","9804 SUMMER GLEN WAY, ELK GROVE, CA, 95757",133435053,"R"
320602,"9804 TULLAMOOR DRIVE","SAINT LOUIS","MO",63136,38.7466508030001,-90.266365606,102,"9804 TULLAMOOR DRIVE, SAINT LOUIS, MO, 63136","Match","Exact","9804 TULLAMOOR DR, SAINT LOUIS, MO, 63136",100147114,"R"
320603,"9804 WAVERLY DR","SNOHOMISH","WA",99826,47.833592734,-122.096950062,103,"9804 WAVERLY DR, SNOHOMISH, WA, 99826","Match","Non_Exact","9804 WAVERLY DR, SNOHOMISH, WA, 98296",630064213,"R"
320604,"9805 116TH ST SUITE 74","KIRKLAND","WA",98034,47.7040171900001,-122.210265576,104,"9805 116TH ST SUITE 74, KIRKLAND, WA, 98034","Match","Non_Exact","9805 NE 116TH ST, KIRKLAND, WA, 98034",186602968,"R"
320605,"9805 B YORK ROAD SUITE 293","COCKEYSVILLE","MD",21030,39.458566402,-76.63397214,105,"9805 B YORK ROAD SUITE 293, COCKEYSVILLE, MD, 21030","Match","Exact","9805 YORK RD, COCKEYSVILLE, MD, 21030",191573735,"R"
320606,"9805 BYWARD BLVD","BOWIE","MD",20721,38.9209685760001,-76.835714519,106,"9805 BYWARD BLVD, BOWIE, MD, 20721","Match","Exact","9805 BYWARD BLVD, BOWIE, MD, 20721",638470531,"L"
320607,"9805 CAMPO ROAD 180","CASA DE ORO","CA",91977,32.747968756,-116.98512645,107,"9805 CAMPO ROAD 180, CASA DE ORO, CA, 91977","Match","Non_Exact","9805 CAMPO RD, SPRING VALLEY, CA, 91977",195362336,"R"
320608,"9805 IL ROUTE 173","HEBRON","IL",60034,NA,NA,108,"9805 IL ROUTE 173, HEBRON, IL, 60034","No_Match",NA,NA,NA,NA
320609,"9805 LOVE ROAD - SUITE 207B","FT. MEADE","MD",20755,39.1078186890001,-76.762610229,109,"9805 LOVE ROAD - SUITE 207B, FT. MEADE, MD, 20755","Match","Exact","9805 LOVE RD, FORT MEADE, MD, 20755",68212937,"R"
320610,"9805 MISTYMORN LANE","CINCINNATI","OH",45242,39.235493686,-84.3104341489999,110,"9805 MISTYMORN LANE, CINCINNATI, OH, 45242","Match","Exact","9805 MISTYMORN LN, CINCINNATI, OH, 45242",103980021,"R"
320611,"9805 MORELAND STREET","FORT WASHINGTON","MD",20744,38.756084587,-76.9575666439999,111,"9805 MORELAND STREET, FORT WASHINGTON, MD, 20744","Match","Exact","9805 MORELAND ST, FT WASHINGTON, MD, 20744",76316312,"R"
320612,"9805 MORNING CHOICE CT","ELLICOTT CITY","MD",21043,39.3048154100001,-76.8211353359999,112,"9805 MORNING CHOICE CT, ELLICOTT CITY, MD, 21043","Match","Exact","9805 MORNING CHOICE CT, ELLICOTT CITY, MD, 21043",648275650,"L"
320613,"9805 N3 116TH ST PMB 7104","KIRKLAND","WA",98034,47.7040171900001,-122.210265576,113,"9805 N3 116TH ST PMB 7104, KIRKLAND, WA, 98034","Match","Non_Exact","9805 NE 116TH ST, KIRKLAND, WA, 98034",186602968,"R"
320614,"9805 NE 116TH STREET NO 7329","KIRKLAND","WA",98034,NA,NA,114,"9805 NE 116TH STREET NO 7329, KIRKLAND, WA, 98034","No_Match",NA,NA,NA,NA
320615,"9805 OLD REDWOOD HWY","WINDSOR","CA",95492,38.5561351270001,-122.819272097,115,"9805 OLD REDWOOD HWY, WINDSOR, CA, 95492","Match","Exact","9805 OLD REDWOOD HWY, WINDSOR, CA, 95492",67531514,"L"
320616,"9805 PROUD CLARION CT","WAXHAW","NC",28173,34.988017422,-80.813948603,116,"9805 PROUD CLARION CT, WAXHAW, NC, 28173","Match","Exact","9805 PROUD CLARION CT, WAXHAW, NC, 28173",649489199,"L"
320617,"9805 S DOBSON","CHICAGO","IL",60628,41.7164748820001,-87.598225876,117,"9805 S DOBSON, CHICAGO, IL, 60628","Match","Non_Exact","9805 S DOBSON AVE, CHICAGO, IL, 60628",111776596,"L"
320618,"9805 STATESVILLE ROAD  UNIT 6149","CHAROTTE","NC",28269,35.355427306,-80.822433129,118,"9805 STATESVILLE ROAD  UNIT 6149, CHAROTTE, NC, 28269","Match","Non_Exact","9805 OLD STATESVILLE RD, CHARLOTTE, NC, 28269",647263900,"L"
320619,"9805 STATESVILLE ROAD SUITE 6204","CHARLOTTE","NC",28269,35.355427306,-80.822433129,119,"9805 STATESVILLE ROAD SUITE 6204, CHARLOTTE, NC, 28269","Match","Non_Exact","9805 OLD STATESVILLE RD, CHARLOTTE, NC, 28269",647263900,"L"
320620,"9805B YORK ROAD 128","COCKEYSVILLE","MD",21030,39.458566402,-76.63397214,120,"9805B YORK ROAD 128, COCKEYSVILLE, MD, 21030","Match","Exact","9805 YORK RD, COCKEYSVILLE, MD, 21030",191573735,"R"
320621,"9806 BRIERHILL DR","DALLAS","TX",75217,32.688173007,-96.652688021,121,"9806 BRIERHILL DR, DALLAS, TX, 75217","Match","Exact","9806 BRIERHILL DR, DALLAS, TX, 75217",619128246,"R"
320622,"9806 E 80TH TERRACE","RAYTOWN","MO",64138,38.9765824020001,-94.4669384599999,122,"9806 E 80TH TERRACE, RAYTOWN, MO, 64138","Match","Exact","9806 E 80TH TER, RAYTOWN, MO, 64138",91465547,"L"
320623,"9806 E LOUISIANA DR APT 101","AURORA","CO",80247,39.6928495270001,-104.874663179,123,"9806 E LOUISIANA DR APT 101, AURORA, CO, 80247","Match","Non_Exact","9806 E LOUISIANA DR, AURORA, CO, 80247",177371444,"R"
320624,"9806 TREE BEND DR","AUSTIN","TX",78750,30.4283527600001,-97.807713624,124,"9806 TREE BEND DR, AUSTIN, TX, 78750","Match","Exact","9806 TREE BEND DR, AUSTIN, TX, 78750",64008830,"R"
320625,"98069 W BENHAM LN","HARBOR","OR",97415,42.042418121,-124.254442787,125,"98069 W BENHAM LN, HARBOR, OR, 97415","Match","Exact","98069 W BENHAM LN, HARBOR, OR, 97415",137117322,"R"
320626,"9807 62ND TERRACE SOUTH D","BOYNTON BEACH","FL",33437,26.5311617200001,-80.1430958569999,126,"9807 62ND TERRACE SOUTH D, BOYNTON BEACH, FL, 33437","Match","Exact","9807 62ND TER S, BOYNTON BEACH, FL, 33437",115482744,"R"
320627,"9807 E ABERDEEN AVE","ENGLEWOOD","CO",80111,39.6086236570001,-104.874634591,127,"9807 E ABERDEEN AVE, ENGLEWOOD, CO, 80111","Match","Exact","9807 E ABERDEEN AVE, ENGLEWOOD, CO, 80111",177404783,"L"
320628,"9807 N BANK WAY","MISSOURI CITY","TX",77459,29.504640404,-95.5186136459999,128,"9807 N BANK WAY, MISSOURI CITY, TX, 77459","Match","Exact","9807 N BANK WAY, MISSOURI CITY, TX, 77459",78295426,"R"
320629,"9807 RIVER BIRCH COURT","LOUISVILLE","KY",40291,38.1124781190001,-85.575072887,129,"9807 RIVER BIRCH COURT, LOUISVILLE, KY, 40291","Match","Exact","9807 RIVER BIRCH CT, LOUISVILLE, KY, 40291",96886512,"L"
320630,"9807 S 11TH AVE","INGLEWOOD","CA",90303,NA,NA,130,"9807 S 11TH AVE, INGLEWOOD, CA, 90303","No_Match",NA,NA,NA,NA
320631,"9807 TAILSPIN LANE APT I","MIDDLE RIVER","MD",21220,39.345784237,-76.443052436,131,"9807 TAILSPIN LANE APT I, MIDDLE RIVER, MD, 21220","Match","Exact","9807 TAILSPIN LN, MIDDLE RIVER, MD, 21220",191481600,"R"
320632,"9807 VERTAIN CT","FAIRFAX","VA",22032,38.8170505420001,-77.284634728,132,"9807 VERTAIN CT, FAIRFAX, VA, 22032","Match","Exact","9807 VERTAIN CT, FAIRFAX, VA, 22032",75969974,"L"
320633,"9807A WASHINGTON","LEO","IN",46765,41.2043090980001,-85.0225641229999,133,"9807A WASHINGTON, LEO, IN, 46765","Match","Non_Exact","9807 WASHINGTON ST, LEO, IN, 46765",6375876,"L"
320634,"9808 CABERNET AVE","SEFFNER","FL",33584,28.029188585,-82.323167622,134,"9808 CABERNET AVE, SEFFNER, FL, 33584","Match","Exact","9808 CABERNET AVE, SEFFNER, FL, 33584",646575175,"L"
320635,"9808 CLAGETT FARM DRIVE","POTOMAC","MD",20854,39.0457112660001,-77.201336269,135,"9808 CLAGETT FARM DRIVE, POTOMAC, MD, 20854","Match","Exact","9808 CLAGETT FARM DR, POTOMAC, MD, 20854",62096440,"R"
320636,"9808 E 9TH AVENUE","SPOKANE VALLEY","WA",99206,47.64831051,-117.27399198,136,"9808 E 9TH AVENUE, SPOKANE VALLEY, WA, 99206","Match","Non_Exact","9808 E 9TH AVE, SPOKANE VALLEY, WA, 99206",189887078,"R"
320637,"9808 INDIAN KEY TRAIL","SEMINOLE","FL",33776,27.8616750360001,-82.841914348,137,"9808 INDIAN KEY TRAIL, SEMINOLE, FL, 33776","Match","Exact","9808 INDIAN KEY TRL, SEMINOLE, FL, 33776",124776748,"R"
320638,"9808 LARITA PLACE","RIVERVIEW","FL",33569,NA,NA,138,"9808 LARITA PLACE, RIVERVIEW, FL, 33569","No_Match",NA,NA,NA,NA
320639,"9808 ROYAL PALM BLVD","CORAL SPRINGS","FL",33065,26.2591025030001,-80.257897075,139,"9808 ROYAL PALM BLVD, CORAL SPRINGS, FL, 33065","Match","Exact","9808 ROYAL PALM BLVD, CORAL SPRINGS, FL, 33065",639363170,"R"
320640,"9808 SOUTH 600 WEST","UNION MILLS","IN",46382,41.466072153,-86.814915226,140,"9808 SOUTH 600 WEST, UNION MILLS, IN, 46382","Match","Exact","9808 S 600 W, UNION MILLS, IN, 46382",15401154,"L"
320641,"9808 WILDEN LN","POTOMAC","MD",20854,39.0416180720001,-77.2021177679999,141,"9808 WILDEN LN, POTOMAC, MD, 20854","Match","Exact","9808 WILDEN LN, POTOMAC, MD, 20854",62053578,"L"
320642,"9809 HIGHWAY 371","MARIETTA","MS",38856,34.405791477,-88.461230847,142,"9809 HIGHWAY 371, MARIETTA, MS, 38856","Match","Non_Exact","9809 STATE HWY 371, MARIETTA, MS, 38856",617475313,"L"
320643,"9809 MAPLE LEAF DRIVE","MONTGOMERY VILLAGE","MD",20886,39.1873156120001,-77.2019089249999,143,"9809 MAPLE LEAF DRIVE, MONTGOMERY VILLAGE, MD, 20886","Match","Exact","9809 MAPLE LEAF DR, MONTGOMERY VILLAGE, MD, 20886",62109062,"L"
320644,"9809 RICHMOND AVE UNIT J-11","HOUSTON","TX",77042,29.728363094,-95.544134949,144,"9809 RICHMOND AVE UNIT J-11, HOUSTON, TX, 77042","Match","Exact","9809 RICHMOND AVE, HOUSTON, TX, 77042",96613820,"L"
320645,"9809 TALL GRASS TRAIL","ST JOHN","IN",46373,41.4403747600001,-87.491993542,145,"9809 TALL GRASS TRAIL, ST JOHN, IN, 46373","Match","Exact","9809 TALL GRASS TRL, SAINT JOHN, IN, 46373",648634173,"R"
320646,"9809 WILLITS RD","MAYVILLE","MI",48744,43.315512545,-83.3542263959999,146,"9809 WILLITS RD, MAYVILLE, MI, 48744","Match","Exact","9809 WILLITS RD, MAYVILLE, MI, 48744",81249514,"L"
320647,"980A KING RUSS RD","HARRISBURG","PA",17109,40.283846323,-76.813169473,147,"980A KING RUSS RD, HARRISBURG, PA, 17109","Match","Exact","980 KING RUSS RD, HARRISBURG, PA, 17109",70832808,"L"
320648,"981 1/2 HANCOCK AVE","WEST HOLLYWOOD","CA",90069,34.087948554,-118.381525806,148,"981 1/2 HANCOCK AVE, WEST HOLLYWOOD, CA, 90069","Match","Non_Exact","981 N HANCOCK AVE, W HOLLYWOOD, CA, 90069",141572128,"L"
320649,"981 8TH STREET BLDG 520","HOLLOMAN AFB","NM",88330,NA,NA,149,"981 8TH STREET BLDG 520, HOLLOMAN AFB, NM, 88330","No_Match",NA,NA,NA,NA
320650,"981 B STREET","ASHLAND","OK",97520,NA,NA,150,"981 B STREET, ASHLAND, OK, 97520","No_Match",NA,NA,NA,NA
320651,"981 BRECKEN LANE","LITHONIA","GA",30058,33.763434316,-84.101875353,151,"981 BRECKEN LANE, LITHONIA, GA, 30058","Match","Exact","981 BRECKEN LN, LITHONIA, GA, 30058",627827074,"L"
320652,"981 CAT BRIAR COURT","LONGS","SC",29568,33.956527442,-78.746412521,152,"981 CAT BRIAR COURT, LONGS, SC, 29568","Match","Non_Exact","981 CAT BRAIR CT, LONGS, SC, 29568",630843963,"L"
320653,"981 COWEN DRIVE UNIT B LL","CARBONDALE","CO",81623,39.413083815,-107.220754544,153,"981 COWEN DRIVE UNIT B LL, CARBONDALE, CO, 81623","Match","Exact","981 COWEN DR, CARBONDALE, CO, 81623",650335115,"L"
320654,"981 CRANSTO STREET","CRANSTON","RI",2902,NA,NA,154,"981 CRANSTO STREET, CRANSTON, RI, 2902","No_Match",NA,NA,NA,NA
320655,"981 INDUSTRIAL RD STE E","SAN CARLOS","CA",94070,37.507880373,-122.252130524,155,"981 INDUSTRIAL RD STE E, SAN CARLOS, CA, 94070","Match","Exact","981 INDUSTRIAL RD, SAN CARLOS, CA, 94070",192385249,"L"
320656,"981 JAMISON LOOP APT 209","KISSIMMEE","FL",34744,NA,NA,156,"981 JAMISON LOOP APT 209, KISSIMMEE, FL, 34744","No_Match",NA,NA,NA,NA
320657,"981 LAFAYETTE AVE","BROOKLYN","NY",11221,40.692025368,-73.932752969,157,"981 LAFAYETTE AVE, BROOKLYN, NY, 11221","Match","Exact","981 LAFAYETTE AVE, BROOKLYN, NY, 11221",59082585,"L"
320658,"981 MAIL AVENUE","DEPTFORD","NJ",8096,39.807507571,-75.139376699,158,"981 MAIL AVENUE, DEPTFORD, NJ, 8096","Match","Exact","981 MAIL AVE, DEPTFORD, NJ, 08096",134625146,"R"
320659,"981 N POINT HIGGINS RD","KETCHIKAN","AK",99901,55.4695719650001,-131.819874124,159,"981 N POINT HIGGINS RD, KETCHIKAN, AK, 99901","Match","Exact","981 N POINT HIGGINS RD, KETCHIKAN, AK, 99901",642338883,"R"
320660,"981 N WESTERN RIDGE TRL","TUCSON","AZ",85748,32.2334657660001,-110.76135611,160,"981 N WESTERN RIDGE TRL, TUCSON, AZ, 85748","Match","Exact","981 N WESTERN RIDGE TRL, TUCSON, AZ, 85748",121392674,"R"
320661,"981 NEW CUT RD","LEXINGTON","NC",27292,35.7687057810001,-80.1264406669999,161,"981 NEW CUT RD, LEXINGTON, NC, 27292","Match","Exact","981 NEW CUT RD, LEXINGTON, NC, 27292",604799021,"R"
320662,"981 NORTH CHESTNUT STREET EXTENSION","DERRY","PA",15627,NA,NA,162,"981 NORTH CHESTNUT STREET EXTENSION, DERRY, PA, 15627","No_Match",NA,NA,NA,NA
320663,"981 OAK ARBOR CIRCLE","SAINT AUGUSTINE","FL",32084,29.928801343,-81.363573803,163,"981 OAK ARBOR CIRCLE, SAINT AUGUSTINE, FL, 32084","Match","Exact","981 OAK ARBOR CIR, SAINT AUGUSTINE, FL, 32084",624731405,"R"
320664,"981 S WESTERN AVE ROOM 300A","LOS ANGELES","CA",90006,34.053178788,-118.309058935,164,"981 S WESTERN AVE ROOM 300A, LOS ANGELES, CA, 90006","Match","Non_Exact","981 S WESTERN AVE, LOS ANGELES, CA, 90006",141603974,"R"
320665,"981 S WESTERN AVE STE 207","LOS ANGELES","CA",90006,34.053178788,-118.309058935,165,"981 S WESTERN AVE STE 207, LOS ANGELES, CA, 90006","Match","Non_Exact","981 S WESTERN AVE, LOS ANGELES, CA, 90006",141603974,"R"
320666,"981 S WESTERN AVE SUITE 300A","LOS ANGELES","CA",90006,34.053178788,-118.309058935,166,"981 S WESTERN AVE SUITE 300A, LOS ANGELES, CA, 90006","Match","Non_Exact","981 S WESTERN AVE, LOS ANGELES, CA, 90006",141603974,"R"
320667,"981 SOUTHWICK LN","ALLEN","TX",75013,33.1379637000001,-96.679200915,167,"981 SOUTHWICK LN, ALLEN, TX, 75013","Match","Exact","981 SOUTHWICK LN, ALLEN, TX, 75013",625672378,"L"
320668,"981 STUBBS VINSON ROAD","MONROE","LA",71203,32.542800738,-91.973560182,168,"981 STUBBS VINSON ROAD, MONROE, LA, 71203","Match","Exact","981 STUBBS VINSON RD, MONROE, LA, 71203",612362450,"L"
320669,"981 VALLEY WAY DR","APOPKA","FL",32712,28.7223421,-81.5302131299999,169,"981 VALLEY WAY DR, APOPKA, FL, 32712","Match","Non_Exact","981 VALLEYWAY DR, APOPKA, FL, 32712",640256960,"R"
320670,"981 W ARROW HIGHWAY   SUITE 116","SAN DIMAS","CA",91773,NA,NA,170,"981 W ARROW HIGHWAY   SUITE 116, SAN DIMAS, CA, 91773","No_Match",NA,NA,NA,NA
320671,"981 W ARROW HWY STE 221","SAN DIMAS","CA",91773,NA,NA,171,"981 W ARROW HWY STE 221, SAN DIMAS, CA, 91773","No_Match",NA,NA,NA,NA
320672,"981 WALTERS MILL RD","SOMERSET","PA",15501,39.966179235,-79.062530124,172,"981 WALTERS MILL RD, SOMERSET, PA, 15501","Match","Exact","981 WALTERS MILL RD, SOMERSET, PA, 15501",605679482,"L"
320673,"981 WERMELING LANE","ELSMERE","KY",41019,38.996347793,-84.593126037,173,"981 WERMELING LANE, ELSMERE, KY, 41019","Match","Non_Exact","981 WERMELING LN, ELSMERE, KY, 41018",634145471,"L"
320674,"981 WHITNEY RANCH DRIVE  711","HENDERSON","NV",89014,36.0770700740001,-115.052996846,174,"981 WHITNEY RANCH DRIVE  711, HENDERSON, NV, 89014","Match","Exact","981 WHITNEY RANCH DR, HENDERSON, NV, 89014",201915640,"R"
320675,"981 WOOTEN RD","RINGGOLD","GA",30736,34.9739211080001,-85.166822356,175,"981 WOOTEN RD, RINGGOLD, GA, 30736","Match","Exact","981 WOOTEN RD, RINGGOLD, GA, 30736",66696871,"L"
320676,"9810 162ND AVE NE","REDMOND","WA",98052,47.6881801660001,-122.124802651,176,"9810 162ND AVE NE, REDMOND, WA, 98052","Match","Exact","9810 162ND AVE NE, REDMOND, WA, 98052",186610464,"R"
320677,"9810 17TH AVENUE L-4","TACOMA","WA",98444,47.1681778930001,-122.458078756,177,"9810 17TH AVENUE L-4, TACOMA, WA, 98444","Match","Non_Exact","9810 17TH AVE S, TACOMA, WA, 98444",184677182,"R"
320678,"9810 BLUE SAPPHIRE","ROSHARON","TX",77583,29.441276814,-95.4534465409999,178,"9810 BLUE SAPPHIRE, ROSHARON, TX, 77583","Match","Non_Exact","9810 BLUE SAPPHIRE LN, ROSHARON, TX, 77583",650148298,"L"
320679,"9810 BROADMOOR LN","ROWLETT","TX",75089,32.94651277,-96.533280594,179,"9810 BROADMOOR LN, ROWLETT, TX, 75089","Match","Exact","9810 BROADMOOR LN, ROWLETT, TX, 75089",103256017,"R"
320680,"9810 COPPER ELM DR","CONVERSE","TX",78109,29.4987569890001,-98.293071466,180,"9810 COPPER ELM DR, CONVERSE, TX, 78109","Match","Non_Exact","9810 COPPER ELM, CONVERSE, TX, 78109",649296083,"R"
320681,"9810 E MARIPOSA RD","STOCKTON","CA",95215,37.911961471,-121.170187609,181,"9810 E MARIPOSA RD, STOCKTON, CA, 95215","Match","Exact","9810 E MARIPOSA RD, STOCKTON, CA, 95215",133857377,"R"
320682,"9810 KIRKSTONE TERRACE DRIVE","SPRING","TX",77379,NA,NA,182,"9810 KIRKSTONE TERRACE DRIVE, SPRING, TX, 77379","No_Match",NA,NA,NA,NA
320683,"9810 MAGNOLIA STREET NW","COON RAPIDS","MN",55433,45.1482325310001,-93.283068057,183,"9810 MAGNOLIA STREET NW, COON RAPIDS, MN, 55433","Match","Exact","9810 MAGNOLIA ST NW, COON RAPIDS, MN, 55433",97486377,"L"
320684,"9810 PRAIRIE CREEK RD","LENEXA","KS",66220,38.950270586,-94.839638415,184,"9810 PRAIRIE CREEK RD, LENEXA, KS, 66220","Match","Exact","9810 PRAIRIE CREEK RD, LENEXA, KS, 66220",91346838,"L"
320685,"9810 S KING DRIVE","CHICAGO","IL",60628,NA,NA,185,"9810 S KING DRIVE, CHICAGO, IL, 60628","No_Match",NA,NA,NA,NA
320686,"9810 SHERWOOD FARM ROAD","OWINGS MILLS","MD",21117,39.4099728570001,-76.821625427,186,"9810 SHERWOOD FARM ROAD, OWINGS MILLS, MD, 21117","Match","Exact","9810 SHERWOOD FARM RD, OWINGS MILLS, MD, 21117",653284979,"L"
320687,"9810 SOUTH 2465 EAST","SANDY","UT",84092,40.573048253,-111.820912359,187,"9810 SOUTH 2465 EAST, SANDY, UT, 84092","Match","Exact","9810 S 2465 E, SANDY, UT, 84092",176122546,"L"
320688,"9810 WILDERNESS LANE","LAUREL","MD",20723,NA,NA,188,"9810 WILDERNESS LANE, LAUREL, MD, 20723","No_Match",NA,NA,NA,NA
320689,"98106 OLSEN LN","BROOKINGS","OR",97415,42.040184761,-124.25435105,189,"98106 OLSEN LN, BROOKINGS, OR, 97415","Match","Exact","98106 OLSEN LN, BROOKINGS, OR, 97415",137122408,"L"
320690,"9811 BISCOTTI AVE","ORLANDO","FL",32829,28.485894042,-81.2483123549999,190,"9811 BISCOTTI AVE, ORLANDO, FL, 32829","Match","Exact","9811 BISCOTTI AVE, ORLANDO, FL, 32829",631994685,"L"
320691,"9811 EMMET STREET","OMAHA","NE",68134,41.288909366,-96.0665578219999,191,"9811 EMMET STREET, OMAHA, NE, 68134","Match","Exact","9811 EMMET ST, OMAHA, NE, 68134",116999137,"L"
320692,"9811 FERNLEIGH DRIVE","RICHMOND","VA",23235,37.542733824,-77.577771964,192,"9811 FERNLEIGH DRIVE, RICHMOND, VA, 23235","Match","Exact","9811 FERNLEIGH DR, RICHMOND, VA, 23235",201530748,"L"
320693,"9811 HOOD ROAD","JACKSONVILLE","FL",32257,30.2003519950001,-81.5832456159999,193,"9811 HOOD ROAD, JACKSONVILLE, FL, 32257","Match","Exact","9811 HOOD RD, JACKSONVILLE, FL, 32257",653834750,"L"
320694,"9811 N 151ST STREET","WAVERLY","NE",68462,40.9080737940001,-96.517607805,194,"9811 N 151ST STREET, WAVERLY, NE, 68462","Match","Exact","9811 N 151ST ST, WAVERLY, NE, 68462",645235953,"R"
320695,"9811 W 18TH ST NO","WICHITA","KS",67212,37.7164484790001,-97.45644791,195,"9811 W 18TH ST NO, WICHITA, KS, 67212","Match","Exact","9811 W 18TH ST N, WICHITA, KS, 67212",115667272,"R"
320696,"9811 W CHARLESTON BLVD 2262","LAS VEGAS","NV",89117,36.1588470720001,-115.30927084,196,"9811 W CHARLESTON BLVD 2262, LAS VEGAS, NV, 89117","Match","Non_Exact","9811 W CHARLESTON BLVD, LAS VEGAS, NV, 89117",635955451,"R"
320697,"9811 W CHARLESTON BLVD STE 2-524","LAS VEGAS","NV",89117,36.1588470720001,-115.30927084,197,"9811 W CHARLESTON BLVD STE 2-524, LAS VEGAS, NV, 89117","Match","Non_Exact","9811 W CHARLESTON BLVD, LAS VEGAS, NV, 89117",635955451,"R"
320698,"9811 W CHARLESTON BLVD STE 2-858","LAS VEGAS","NV",89117,36.1588470720001,-115.30927084,198,"9811 W CHARLESTON BLVD STE 2-858, LAS VEGAS, NV, 89117","Match","Non_Exact","9811 W CHARLESTON BLVD, LAS VEGAS, NV, 89117",635955451,"R"
320699,"9811 WEST CHARLESTON BLVD 2-858","LAS VEGAS","NV",89117,36.158847129,-115.309242863,199,"9811 WEST CHARLESTON BLVD 2-858, LAS VEGAS, NV, 89117","Match","Exact","9811 W CHARLESTON BLVD, LAS VEGAS, NV, 89117",635955451,"R"
320700,"9811 WEST CHARLESTON BLVD STE 2-735","LAS VEGAS","NV",89117,36.158847129,-115.309242863,200,"9811 WEST CHARLESTON BLVD STE 2-735, LAS VEGAS, NV, 89117","Match","Exact","9811 W CHARLESTON BLVD, LAS VEGAS, NV, 89117",635955451,"R"
320701,"9811 WEST CHARLESTON SUITE 840","LAS VEGAS","NV",89117,36.158847129,-115.309242863,201,"9811 WEST CHARLESTON SUITE 840, LAS VEGAS, NV, 89117","Match","Non_Exact","9811 W CHARLESTON BLVD, LAS VEGAS, NV, 89117",635955451,"R"
320702,"9812 BEAU LANE","CINCINNATI","OH",45231,39.2469986,-84.538514205,202,"9812 BEAU LANE, CINCINNATI, OH, 45231","Match","Exact","9812 BEAU LN, CINCINNATI, OH, 45231",103919640,"R"
320703,"9812 BERRYWOOD COURT","SPRINGDALE","MD",20774,38.929854961,-76.8315856849999,203,"9812 BERRYWOOD COURT, SPRINGDALE, MD, 20774","Match","Exact","9812 BERRYWOOD CT, SPRINGDALE, MD, 20774",639601110,"L"
320704,"9812 BOLTON VILLAGE CT","FAIRFAX","VA",22032,38.8420858210001,-77.284598886,204,"9812 BOLTON VILLAGE CT, FAIRFAX, VA, 22032","Match","Exact","9812 BOLTON VILLAGE CT, FAIRFAX, VA, 22032",76098661,"R"
320705,"9812 FALLS ROAD SUITE 114-214","POTOMAC","MD",20854,39.016526587,-77.2108477899999,205,"9812 FALLS ROAD SUITE 114-214, POTOMAC, MD, 20854","Match","Exact","9812 FALLS RD, POTOMAC, MD, 20854",62078715,"L"
320706,"9812 HAMILTON AVENUE","HUNTINGTON BEACH","CA",92646,33.650553228,-117.957034687,206,"9812 HAMILTON AVENUE, HUNTINGTON BEACH, CA, 92646","Match","Exact","9812 HAMILTON AVE, HUNTINGTON BEACH, CA, 92646",609064449,"R"
320707,"9812 PEMBROKE DR","HAGERSTOWN","MD",21740,39.5846709690001,-77.655350589,207,"9812 PEMBROKE DR, HAGERSTOWN, MD, 21740","Match","Exact","9812 PEMBROKE DR, HAGERSTOWN, MD, 21740",612165637,"L"
320708,"9812 THUNDERHILL CT","GREAT FALLS","VA",22066,38.9934035040001,-77.286070534,208,"9812 THUNDERHILL CT, GREAT FALLS, VA, 22066","Match","Exact","9812 THUNDERHILL CT, GREAT FALLS, VA, 22066",215925054,"L"
320709,"9812 W PROGRESS PL","LITTLETON","CO",80123,39.621679726,-105.108525465,209,"9812 W PROGRESS PL, LITTLETON, CO, 80123","Match","Exact","9812 W PROGRESS PL, LITTLETON, CO, 80123",177323196,"L"
320710,"9813 CRESTLINE DRIVE","KNOXVILLE","TN",37922,35.867882539,-84.092540921,210,"9813 CRESTLINE DRIVE, KNOXVILLE, TN, 37922","Match","Exact","9813 CRESTLINE DR, KNOXVILLE, TN, 37922",42670204,"L"
320711,"9813 IDORA ST","LA VISTA","NE",68128,41.1799930560001,-96.0653581829999,211,"9813 IDORA ST, LA VISTA, NE, 68128","Match","Exact","9813 IDORA ST, LA VISTA, NE, 68128",28490388,"L"
320712,"9813 PATRIOT RIDGE DRIVE","JACKSONVILLE","FL",32221,30.2805747420001,-81.819255444,212,"9813 PATRIOT RIDGE DRIVE, JACKSONVILLE, FL, 32221","Match","Exact","9813 PATRIOT RIDGE DR, JACKSONVILLE, FL, 32221",650502205,"R"
320713,"9813 POOLE ROAD","WENDELL","NC",27591,35.747084482,-78.4394288089999,213,"9813 POOLE ROAD, WENDELL, NC, 27591","Match","Exact","9813 POOLE RD, WENDELL, NC, 27591",633685991,"L"
320714,"9813 SANDHILL UNIT 13","LAREDO","TX",78045,27.585552041,-99.442583493,214,"9813 SANDHILL UNIT 13, LAREDO, TX, 78045","Match","Non_Exact","9813 SANDHILL DR, LAREDO, TX, 78045",624596686,"L"
320715,"9813 SANDPIPER DRIVE","UPPER MARLBORO","MD",20772,38.755183775,-76.825886154,215,"9813 SANDPIPER DRIVE, UPPER MARLBORO, MD, 20772","Match","Exact","9813 SANDPIPER DR, UPPER MARLBORO, MD, 20772",76343842,"L"
320716,"9813 US HIGHWAY 79","BETHANY","LA",71007,32.3764772210001,-94.0318242989999,216,"9813 US HIGHWAY 79, BETHANY, LA, 71007","Match","Exact","9813 US HWY 79, BETHANY, LA, 71007",647889691,"R"
320717,"9814 BAYBORO BRIDGE DRIVE","TAMPA","FL",33626,28.0508966400001,-82.595382683,217,"9814 BAYBORO BRIDGE DRIVE, TAMPA, FL, 33626","Match","Exact","9814 BAYBORO BRIDGE DR, TAMPA, FL, 33626",104602720,"R"
320718,"9814 CYNTHIA ANN CT","HOUSTON","TX",77025,29.676771869,-95.434962178,218,"9814 CYNTHIA ANN CT, HOUSTON, TX, 77025","Match","Exact","9814 CYNTHIA ANN CT, HOUSTON, TX, 77025",233368862,"L"
320719,"9814 FERNDALE LANE","FREDERICKSBURG","VA",22408,NA,NA,219,"9814 FERNDALE LANE, FREDERICKSBURG, VA, 22408","No_Match",NA,NA,NA,NA
320720,"9814 FIRESIDE DRIVE","LOUISVILLE","KY",40272,38.111657608,-85.840051906,220,"9814 FIRESIDE DRIVE, LOUISVILLE, KY, 40272","Match","Exact","9814 FIRESIDE DR, LOUISVILLE, KY, 40272",96839929,"R"
320721,"9814 GALWAY DRIVE","DALLAS","TX",75218,32.8369022410001,-96.6993986699999,221,"9814 GALWAY DRIVE, DALLAS, TX, 75218","Match","Exact","9814 GALWAY DR, DALLAS, TX, 75218",102922665,"R"
320722,"9814 JUNIPER HILL ROAD","ROCKVILLE","MD",20850,39.0844435770001,-77.200025922,222,"9814 JUNIPER HILL ROAD, ROCKVILLE, MD, 20850","Match","Exact","9814 JUNIPER HILL RD, ROCKVILLE, MD, 20850",62095753,"L"
320723,"9814 NOBLE RD","JACKSONVILLE","AR",72076,NA,NA,223,"9814 NOBLE RD, JACKSONVILLE, AR, 72076","No_Match",NA,NA,NA,NA
320724,"9814 S PROTECTION RD","HOLLAND","NY",14080,42.6122912970001,-78.5028406919999,224,"9814 S PROTECTION RD, HOLLAND, NY, 14080","Match","Exact","9814 S PROTECTION RD, HOLLAND, NY, 14080",647634081,"L"
320725,"9815 52ND AVE N","ST PETERSBURG","FL",33708,27.819038134,-82.774385954,225,"9815 52ND AVE N, ST PETERSBURG, FL, 33708","Match","Exact","9815 52ND AVE N, SAINT PETERSBURG, FL, 33708",124692174,"R"
320726,"9815 CHINA GROVE CHURCH ROAD","PINEVILLE","NC",28134,35.105517767,-80.88624514,226,"9815 CHINA GROVE CHURCH ROAD, PINEVILLE, NC, 28134","Match","Exact","9815 CHINA GROVE CHURCH RD, PINEVILLE, NC, 28134",70531978,"L"
320727,"9815 ELK ST","AUMSVILLE","OR",97325,44.8442032,-122.858969112,227,"9815 ELK ST, AUMSVILLE, OR, 97325","Match","Exact","9815 ELK ST, AUMSVILLE, OR, 97325",605364038,"L"
320728,"9815 GRANT RD","HOUSTON","TX",77070,29.9672740820001,-95.572222288,228,"9815 GRANT RD, HOUSTON, TX, 77070","Match","Exact","9815 GRANT RD, HOUSTON, TX, 77070",642109577,"L"
320729,"9815 HEDDON OAKS CT","SPRING","TX",77379,30.0370661000001,-95.575741071,229,"9815 HEDDON OAKS CT, SPRING, TX, 77379","Match","Exact","9815 HEDDON OAKS CT, SPRING, TX, 77379",96666624,"R"
320730,"9815 KITLINA CIRCLE","EAGLE RIVER","AK",99577,61.3089064230001,-149.557647744,230,"9815 KITLINA CIRCLE, EAGLE RIVER, AK, 99577","Match","Exact","9815 KITLINA CIR, EAGLE RIVER, AK, 99577",190805524,"R"
320731,"9815 LAKE POINTE COURT  304","UPPER MARLBORO","MD",20774,38.8992745250001,-76.8366887989999,231,"9815 LAKE POINTE COURT  304, UPPER MARLBORO, MD, 20774","Match","Non_Exact","9815 LAKE POINT CT, UPPER MARLBORO, MD, 20774",76346588,"R"
320732,"9815 NE 69TH STREET","VANCOUVER","WA",98662,45.6720253510001,-122.57246203,232,"9815 NE 69TH STREET, VANCOUVER, WA, 98662","Match","Exact","9815 NE 69TH ST, VANCOUVER, WA, 98662",624273433,"R"
320733,"9815 NE 75TH CIRCLE","VANCOUVER","WA",98662,45.6765532750001,-122.571936857,233,"9815 NE 75TH CIRCLE, VANCOUVER, WA, 98662","Match","Exact","9815 NE 75TH CIR, VANCOUVER, WA, 98662",627191004,"L"
320734,"9815 RITCHIE COURT","IJAMSVILLE","MD",21754,39.390838543,-77.3221823549999,234,"9815 RITCHIE COURT, IJAMSVILLE, MD, 21754","Match","Exact","9815 RITCHIE CT, IJAMSVILLE, MD, 21754",60705784,"R"
320735,"9815 SOMERSET WIND DRIVE - APT 103","RIVERVIEW","FL",33578,27.8915444900001,-82.341894302,235,"9815 SOMERSET WIND DRIVE - APT 103, RIVERVIEW, FL, 33578","Match","Exact","9815 SOMERSET WIND DR, RIVERVIEW, FL, 33578",641527605,"R"
320736,"9815 SW 168 TER","MIAMI","FL",33157,25.613137055,-80.350758205,236,"9815 SW 168 TER, MIAMI, FL, 33157","Match","Exact","9815 SW 168TH TER, MIAMI, FL, 33157",115983720,"R"
320737,"9815 TAMALPAIS ST","DALLAS","TX",75217,32.725581644,-96.653757158,237,"9815 TAMALPAIS ST, DALLAS, TX, 75217","Match","Non_Exact","9815 TAMALPAIS DR, DALLAS, TX, 75217",102990106,"L"
320738,"9816 BRANCHLEIGH ROAD","RANDALLSTOWN","MD",21133,39.3843705240001,-76.819286612,238,"9816 BRANCHLEIGH ROAD, RANDALLSTOWN, MD, 21133","Match","Exact","9816 BRANCHLEIGH RD, RANDALLSTOWN, MD, 21133",644324423,"R"
320739,"9816 DECATUR ROAD","MIDDLE RIVER","MD",21220,NA,NA,239,"9816 DECATUR ROAD, MIDDLE RIVER, MD, 21220","No_Match",NA,NA,NA,NA
320740,"9816 DRURY AVENUE","KANSAS CITY","MO",64137,38.9467368960001,-94.525294088,240,"9816 DRURY AVENUE, KANSAS CITY, MO, 64137","Match","Exact","9816 DRURY AVE, KANSAS CITY, MO, 64137",91458063,"R"
320741,"9816 MADISON AVENUE","SAINT LOUIS","MO",63119,38.603432151,-90.37263698,241,"9816 MADISON AVENUE, SAINT LOUIS, MO, 63119","Match","Exact","9816 MADISON AVE, SAINT LOUIS, MO, 63119",100138245,"L"
320742,"9816 W 99TH PL","WESTMINSTER","CO",80021,39.8756875300001,-105.107329309,242,"9816 W 99TH PL, WESTMINSTER, CO, 80021","Match","Exact","9816 W 99TH PL, WESTMINSTER, CO, 80021",642898571,"R"
320743,"9817 CHATHAM OAKS TRAIL","CHARLOTTE","NC",28210,35.09760314,-80.8627282149999,243,"9817 CHATHAM OAKS TRAIL, CHARLOTTE, NC, 28210","Match","Exact","9817 CHATHAM OAKS TRL, CHARLOTTE, NC, 28210",70490402,"L"
320744,"9817 HERON LANE","CONROE","TX",77385,30.2176339270001,-95.43280157,244,"9817 HERON LANE, CONROE, TX, 77385","Match","Exact","9817 HERON LN, CONROE, TX, 77385",79284378,"L"
320745,"9817 HORACE HARDING EXPY APT 8C","CORONA","NY",11368,NA,NA,245,"9817 HORACE HARDING EXPY APT 8C, CORONA, NY, 11368","No_Match",NA,NA,NA,NA
320746,"9817 KENTSDALE DRIVE","POTOMAC","MD",20854,39.015528026,-77.178175552,246,"9817 KENTSDALE DRIVE, POTOMAC, MD, 20854","Match","Exact","9817 KENTSDALE DR, POTOMAC, MD, 20854",62054409,"R"
320747,"9817 KODAK ROAD","KODAK","TN",37764,35.96340345,-83.667105987,247,"9817 KODAK ROAD, KODAK, TN, 37764","Match","Exact","9817 KODAK RD, KODAK, TN, 37764",636701464,"L"
320748,"9817 PRESIDENTIAL DRIVE  SUITE 204","ALLISON PARK","PA",15101,40.582394573,-79.996992366,248,"9817 PRESIDENTIAL DRIVE  SUITE 204, ALLISON PARK, PA, 15101","Match","Exact","9817 PRESIDENTIAL DR, ALLISON PARK, PA, 15101",607715236,"L"
320749,"9817 ROLLING GREEN DR","PINCKNEY","MI",48169,42.4558599750001,-83.9006383619999,249,"9817 ROLLING GREEN DR, PINCKNEY, MI, 48169","Match","Non_Exact","9817 ROLLING GREENS DR, PINCKNEY, MI, 48169",23561654,"L"
320750,"9817 SHORTLINE HIGHWAY","READER","WV",26167,39.569531505,-80.7275357939999,250,"9817 SHORTLINE HIGHWAY, READER, WV, 26167","Match","Exact","9817 SHORTLINE HWY, READER, WV, 26167",649424528,"R"
320751,"9817 SHORTLINE HWY","READER","WV",26167,39.569531505,-80.7275357939999,251,"9817 SHORTLINE HWY, READER, WV, 26167","Match","Exact","9817 SHORTLINE HWY, READER, WV, 26167",649424528,"R"
320752,"9818 BROCKBANK DRIVE","DALLAS","TX",75220,32.873544888,-96.875347668,252,"9818 BROCKBANK DRIVE, DALLAS, TX, 75220","Match","Exact","9818 BROCKBANK DR, DALLAS, TX, 75220",103205219,"R"
320753,"9818 LONGWOOD CIRCLE","LOUISVILLE","KY",40223,38.2487447840001,-85.576552669,253,"9818 LONGWOOD CIRCLE, LOUISVILLE, KY, 40223","Match","Exact","9818 LONGWOOD CIR, LOUISVILLE, KY, 40223",96863794,"L"
320754,"9819 ASTORIA BLVD","EAST ELMHURST","NY",11369,NA,NA,254,"9819 ASTORIA BLVD, EAST ELMHURST, NY, 11369","No_Match",NA,NA,NA,NA
320755,"9819 EDINBURGH LANE","CHARLOTTE","NC",28269,35.38549019,-80.743664966,255,"9819 EDINBURGH LANE, CHARLOTTE, NC, 28269","Match","Exact","9819 EDINBURGH LN, CHARLOTTE, NC, 28269",647185583,"R"
320756,"9819 SINGLETON DR","BETHESDA","MD",20817,39.013665846,-77.125931533,256,"9819 SINGLETON DR, BETHESDA, MD, 20817","Match","Exact","9819 SINGLETON DR, BETHESDA, MD, 20817",62058029,"R"
320757,"9819 SOUTH BLVD","CLEVELAND","OH",44108,41.525697506,-81.6217751039999,257,"9819 SOUTH BLVD, CLEVELAND, OH, 44108","Match","Exact","9819 SOUTH BLVD, CLEVELAND, OH, 44108",61112419,"L"
320758,"9819 TALISMAN DR","JOHNS CREEK","GA",30022,34.0202669980001,-84.252283382,258,"9819 TALISMAN DR, JOHNS CREEK, GA, 30022","Match","Exact","9819 TALISMAN DR, JOHNS CREEK, GA, 30022",637308975,"L"
320759,"982 CENTRAL AVE","HOLLAND","MI",49423,42.7622592220001,-86.106870859,259,"982 CENTRAL AVE, HOLLAND, MI, 49423","Match","Exact","982 CENTRAL AVE, HOLLAND, MI, 49423",11421433,"L"
320760,"982 CRAWFORD ROAD","LUMBERTON","NC",28358,34.579458683,-79.0828635,260,"982 CRAWFORD ROAD, LUMBERTON, NC, 28358","Match","Exact","982 CRAWFORD RD, LUMBERTON, NC, 28358",49158852,"L"
320761,"982 E COLORADO BLVD UNIT 105B","PASADENA","CA",91107,NA,NA,261,"982 E COLORADO BLVD UNIT 105B, PASADENA, CA, 91107","No_Match",NA,NA,NA,NA
320762,"982 E OMAHA AVE","FRESNO","CA",93720,36.8552292950001,-119.766581332,262,"982 E OMAHA AVE, FRESNO, CA, 93720","Match","Exact","982 E OMAHA AVE, FRESNO, CA, 93720",197622049,"R"
320763,"982 EAST SIDE DRIVE","LAYTON","UT",84040,41.073940432,-111.910562242,263,"982 EAST SIDE DRIVE, LAYTON, UT, 84040","Match","Non_Exact","982 N EASTSIDE DR, LAYTON, UT, 84040",625698713,"L"
320764,"982 JAKES MOUNTAIN ROAD","DEEP GAP","NC",28618,36.198093628,-81.57424704,264,"982 JAKES MOUNTAIN ROAD, DEEP GAP, NC, 28618","Match","Non_Exact","982 JAKE'S MOUNTAIN RD, DEEP GAP, NC, 28618",649734799,"L"
320765,"982 JESSAMINE AVE E","SAINT PAUL","MN",55106,44.97481207,-93.058897671,265,"982 JESSAMINE AVE E, SAINT PAUL, MN, 55106","Match","Non_Exact","982 JESSAMINE AVE, SAINT PAUL, MN, 55106",97650839,"R"
320766,"982 JORDAN STREET","SHREVEPORT","LA",71101,32.4981638560001,-93.751623697,266,"982 JORDAN STREET, SHREVEPORT, LA, 71101","Match","Exact","982 JORDAN ST, SHREVEPORT, LA, 71101",57436600,"R"
320767,"982 LOCKWOOD LN","BATAVIA","IL",60510,41.835464318,-88.3269490119999,267,"982 LOCKWOOD LN, BATAVIA, IL, 60510","Match","Exact","982 LOCKWOOD LN, BATAVIA, IL, 60510",119531372,"R"
320768,"982 MARBLE AVE","MEMPHIS","TN",38107,35.172418066,-90.023627747,268,"982 MARBLE AVE, MEMPHIS, TN, 38107","Match","Exact","982 MARBLE AVE, MEMPHIS, TN, 38107",72904129,"L"
320769,"982 N VALLEY HILLS BLVD","HEBER CITY","UT",84032,40.5207423860001,-111.397651294,269,"982 N VALLEY HILLS BLVD, HEBER CITY, UT, 84032","Match","Exact","982 VALLEY HILLS BLVD, HEBER CITY, UT, 84032",651104446,"L"
320770,"982 NE 4 AVENUE","HOMESTEAD","FL",33030,25.479504283,-80.4705507909999,270,"982 NE 4 AVENUE, HOMESTEAD, FL, 33030","Match","Exact","982 NE 4TH AVE, HOMESTEAD, FL, 33030",115991815,"L"
320771,"982 OAK GLEN DR","WILLIS","TX",77378,30.3930792420001,-95.472933258,271,"982 OAK GLEN DR, WILLIS, TX, 77378","Match","Exact","982 OAK GLEN DR, WILLIS, TX, 77378",79340242,"L"
320772,"982 PALMER FIRETOWER RD","PALMER","TN",37365,35.315451164,-85.57769123,272,"982 PALMER FIRETOWER RD, PALMER, TN, 37365","Match","Exact","982 PALMER FIRETOWER RD, PALMER, TN, 37365",639448030,"L"
320773,"982 REDWOOD DRIVE","NORCROSS","GA",30093,33.893945032,-84.191384773,273,"982 REDWOOD DRIVE, NORCROSS, GA, 30093","Match","Exact","982 REDWOOD DR, NORCROSS, GA, 30093",624770393,"R"
320774,"982 SOUTH ST","FITCHBURG","MA",1420,42.5568151530001,-71.787003576,274,"982 SOUTH ST, FITCHBURG, MA, 1420","Match","Exact","982 SOUTH ST, FITCHBURG, MA, 01420",40028903,"L"
320775,"982 TANNERS POINTE DRIVE","LAWRENCEVILLE","GA",30044,33.919633133,-84.010205796,275,"982 TANNERS POINTE DRIVE, LAWRENCEVILLE, GA, 30044","Match","Non_Exact","982 TANNERS POINT DR, LAWRENCEVILLE, GA, 30044",639076806,"L"
320776,"982 W LAUREL RIVER DR","SHEPHERDSVILLE","KY",40165,38.0258292830001,-85.650133903,276,"982 W LAUREL RIVER DR, SHEPHERDSVILLE, KY, 40165","Match","Non_Exact","982 W LAUREL RIVER RD, SHEPHERDSVILLE, KY, 40165",47749329,"L"
320777,"9820 227TH PL SW","EDMONDS","WA",98020,47.792704364,-122.365587366,277,"9820 227TH PL SW, EDMONDS, WA, 98020","Match","Exact","9820 227TH PL SW, EDMONDS, WA, 98020",187755147,"L"
320778,"9820 CASTOR RD","SALISBURY","NC",28146,35.552391486,-80.4816238659999,278,"9820 CASTOR RD, SALISBURY, NC, 28146","Match","Exact","9820 CASTOR RD, SALISBURY, NC, 28146",25291808,"L"
320779,"9820 GENTIAN LANE","KNOXVILLE","TN",37922,35.8573517680001,-84.083457988,279,"9820 GENTIAN LANE, KNOXVILLE, TN, 37922","Match","Exact","9820 GENTIAN LN, KNOXVILLE, TN, 37922",42639806,"R"
320780,"9820 HERON POINT DRIVE","ORLANDO","FL",32832,NA,NA,280,"9820 HERON POINT DRIVE, ORLANDO, FL, 32832","No_Match",NA,NA,NA,NA
320781,"9820 KELLER HILL RD","CUBA","NY",14727,42.2024826970001,-78.295247644,281,"9820 KELLER HILL RD, CUBA, NY, 14727","Match","Exact","9820 KELLER HILL RD, CUBA, NY, 14727",636404343,"L"
320782,"9820 LOBLOLLY LANE","ROSWELL","GA",30075,34.0186088,-84.3748477779999,282,"9820 LOBLOLLY LANE, ROSWELL, GA, 30075","Match","Exact","9820 LOBLOLLY LN, ROSWELL, GA, 30075",17352169,"L"
320783,"9820 NW 16TH CT","PEMBROKE PINES","FL",33024,26.0220217880001,-80.277608647,283,"9820 NW 16TH CT, PEMBROKE PINES, FL, 33024","Match","Exact","9820 NW 16TH CT, PEMBROKE PINES, FL, 33024",114712074,"R"
320784,"9820 RAYTOWN RD","KANSAS CITY","MO",64134,38.9448640150001,-94.466380079,284,"9820 RAYTOWN RD, KANSAS CITY, MO, 64134","Match","Exact","9820 RAYTOWN RD, KANSAS CITY, MO, 64134",91466493,"R"
320785,"9820 RAYTOWN ROAD","KANSAS CITY","MO",64134,38.9448640150001,-94.466380079,285,"9820 RAYTOWN ROAD, KANSAS CITY, MO, 64134","Match","Exact","9820 RAYTOWN RD, KANSAS CITY, MO, 64134",91466493,"R"
320786,"9820 S PULASKI ROAD UNIT 102","OAK LAWN","IL",60453,41.714467024,-87.721174214,286,"9820 S PULASKI ROAD UNIT 102, OAK LAWN, IL, 60453","Match","Non_Exact","9820 S PULASKI RD, OAK LAWN, IL, 60453",605316030,"R"
320787,"9820 SELTZER","LIVONIA","MI",48150,42.3635590270001,-83.320489806,287,"9820 SELTZER, LIVONIA, MI, 48150","Match","Non_Exact","9820 SELTZER ST, LIVONIA, MI, 48150",95427618,"R"
320788,"9820 SW 142ND DR","MIAMI","FL",33176,25.638054412,-80.3518278779999,288,"9820 SW 142ND DR, MIAMI, FL, 33176","Match","Exact","9820 SW 142ND DR, MIAMI, FL, 33176",116055934,"L"
320789,"9821 CANTEBURY ROSE LANE","LAS VEGAS","NV",89134,36.199776323,-115.310744713,289,"9821 CANTEBURY ROSE LANE, LAS VEGAS, NV, 89134","Match","Exact","9821 CANTEBURY ROSE LN, LAS VEGAS, NV, 89134",201927726,"L"
320790,"9821 DELHI DRIVE","SAINT  LOUIS","MO",63137,38.747009056,-90.234664224,290,"9821 DELHI DRIVE, SAINT  LOUIS, MO, 63137","Match","Exact","9821 DELHI DR, SAINT LOUIS, MO, 63137",100150117,"L"
320791,"9821 DUNMORE CIRCLE","JOHNSTON","IA",50131,41.7070034060001,-93.753275201,291,"9821 DUNMORE CIRCLE, JOHNSTON, IA, 50131","Match","Exact","9821 DUNMORE CIR, JOHNSTON, IA, 50131",646923193,"L"
320792,"9821 LAKEPOINTE DRIVE","BURKE","VA",22015,38.801983615,-77.285869922,292,"9821 LAKEPOINTE DRIVE, BURKE, VA, 22015","Match","Exact","9821 LAKEPOINTE DR, BURKE, VA, 22015",76016354,"L"
320793,"9821 OAK RIDGE ROAD","NEW LOTHROP","MI",48460,43.1087260520001,-83.972259599,293,"9821 OAK RIDGE ROAD, NEW LOTHROP, MI, 48460","Match","Exact","9821 OAK RIDGE RD, NEW LOTHROP, MI, 48460",23657665,"R"
320794,"9821 SW 1ST STREET","PLANTATION","FL",33324,26.1199249000001,-80.2832270499999,294,"9821 SW 1ST STREET, PLANTATION, FL, 33324","Match","Exact","9821 SW 1ST ST, PLANTATION, FL, 33324",114698387,"L"
320795,"9821 VALLE VISTA RD","PHELAN","CA",92371,34.4289660850001,-117.563760342,295,"9821 VALLE VISTA RD, PHELAN, CA, 92371","Match","Exact","9821 VALLE VISTA RD, PHELAN, CA, 92371",144583205,"R"
320796,"9822 AL HWY 71","PISGAH","AL",35765,34.6538162480001,-85.837380071,296,"9822 AL HWY 71, PISGAH, AL, 35765","Match","Non_Exact","9822 AL HIGHWAY 71, PISGAH, AL, 35765",58019365,"R"
320797,"9822 BELLA MARCHE DRIVE","CHARLOTTE","NC",28227,35.2010082480001,-80.6886392659999,297,"9822 BELLA MARCHE DRIVE, CHARLOTTE, NC, 28227","Match","Exact","9822 BELLA MARCHE DR, CHARLOTTE, NC, 28227",70538427,"R"
320798,"9822 FALLARD COURT","UPPER MARLBORO","MD",20772,38.8064108730001,-76.838368972,298,"9822 FALLARD COURT, UPPER MARLBORO, MD, 20772","Match","Exact","9822 FALLARD CT, UPPER MARLBORO, MD, 20772",76380008,"L"
320799,"9822 FALLARD CT","UPPER MARLBORO","MD",20772,38.8064108730001,-76.838368972,299,"9822 FALLARD CT, UPPER MARLBORO, MD, 20772","Match","Exact","9822 FALLARD CT, UPPER MARLBORO, MD, 20772",76380008,"L"
320800,"9822 NE HWY 121","CAMERON","MO",64429,NA,NA,300,"9822 NE HWY 121, CAMERON, MO, 64429","No_Match",NA,NA,NA,NA
320801,"9822 NOBHILL COURT","SUNRISE","FL",33351,26.1736885080001,-80.280219662,301,"9822 NOBHILL COURT, SUNRISE, FL, 33351","Match","Non_Exact","9822 NOB HILL CT, SUNRISE, FL, 33351",647901254,"R"
320802,"9822 S NORMAL AVE","CHICAGO","IL",60628,41.7155772680001,-87.635783013,302,"9822 S NORMAL AVE, CHICAGO, IL, 60628","Match","Non_Exact","9822 S NORMAL AVE, CHICAGO, IL, 60628",605523276,"R"
320803,"9822 STANFORD AVENUE","GARDEN GROVE","CA",92841,33.7776405860001,-117.961532378,303,"9822 STANFORD AVENUE, GARDEN GROVE, CA, 92841","Match","Exact","9822 STANFORD AVE, GARDEN GROVE, CA, 92841",144034955,"R"
320804,"9822 STRUTHERS RD","NEW MIDDLETOW","OH",44442,40.9755304560001,-80.555506822,304,"9822 STRUTHERS RD, NEW MIDDLETOW, OH, 44442","Match","Non_Exact","9822 STRUTHERS RD, NEW MIDDLETOWN, OH, 44442",64609248,"R"
320805,"9822 TAPESTRY PARK CIRCLE SUITE 205","JACKSONVILLE","FL",32246,30.25769295,-81.5524327049999,305,"9822 TAPESTRY PARK CIRCLE SUITE 205, JACKSONVILLE, FL, 32246","Match","Exact","9822 TAPESTRY PARK CIR, JACKSONVILLE, FL, 32246",633760752,"R"
320806,"9822 WINDSONG DRIVE","EMPIRE","MI",49630,44.824484538,-86.0557270799999,306,"9822 WINDSONG DRIVE, EMPIRE, MI, 49630","Match","Exact","9822 WINDSONG DR, EMPIRE, MI, 49630",145983288,"L"
320807,"9823 BLACK HORSE RUN ROAD","INDAIN LAND","SC",29707,35.0012028620001,-80.8472918369999,307,"9823 BLACK HORSE RUN ROAD, INDAIN LAND, SC, 29707","Match","Non_Exact","9823 BLACK HORSE RUN RD, INDIAN LAND, SC, 29707",40702080,"L"
320808,"9823 HORACE HARDING EXPY APT 4J","CORONA","NY",11368,NA,NA,308,"9823 HORACE HARDING EXPY APT 4J, CORONA, NY, 11368","No_Match",NA,NA,NA,NA
320809,"9823 LAS TUNAS DR","TEMPLE CITY","CA",91780,34.107343563,-118.056163618,309,"9823 LAS TUNAS DR, TEMPLE CITY, CA, 91780","Match","Exact","9823 LAS TUNAS DR, TEMPLE CITY, CA, 91780",141644792,"L"
320810,"9823 LILAC DR  J","SAINT LOUIS","MO",63137,38.7437448090001,-90.214406794,310,"9823 LILAC DR  J, SAINT LOUIS, MO, 63137","Match","Exact","9823 LILAC DR, SAINT LOUIS, MO, 63137",100151381,"L"
320811,"9823 OXBRIDGE WAY","BOWIE","MD",20721,38.9257283330001,-76.8409250939999,311,"9823 OXBRIDGE WAY, BOWIE, MD, 20721","Match","Exact","9823 OXBRIDGE WAY, BOWIE, MD, 20721",634436761,"L"
320812,"9823 THISTLEBERRY LN","TOMBALL","TX",77375,30.0678623410001,-95.570379843,312,"9823 THISTLEBERRY LN, TOMBALL, TX, 77375","Match","Exact","9823 THISTLEBERRY LN, TOMBALL, TX, 77375",96168928,"R"
320813,"9824 121 AVE SE","RENTON","WA",98056,NA,NA,313,"9824 121 AVE SE, RENTON, WA, 98056","No_Match",NA,NA,NA,NA
320814,"9824 BRADYSVILLE RD","ABERDEEN","OH",45101,38.721857781,-83.702624891,314,"9824 BRADYSVILLE RD, ABERDEEN, OH, 45101","Match","Exact","9824 BRADYSVILLE RD, ABERDEEN, OH, 45101",100973123,"L"
320815,"9824 DOGWOOD","BROOKLYN PARK","MN",55443,NA,NA,315,"9824 DOGWOOD, BROOKLYN PARK, MN, 55443","No_Match",NA,NA,NA,NA
320816,"9824 E CLEMENTS CIR","LIVONIA","MI",48150,42.3636729080001,-83.319313623,316,"9824 E CLEMENTS CIR, LIVONIA, MI, 48150","Match","Exact","9824 E CLEMENTS CIR, LIVONIA, MI, 48150",95502579,"R"
320817,"9824 MARINE CT","JACKSONVILLE","FL",32221,30.283445537,-81.81986255,317,"9824 MARINE CT, JACKSONVILLE, FL, 32221","Match","Exact","9824 MARINE CT, JACKSONVILLE, FL, 32221",650502041,"L"
320818,"9824 RAIL ROAD","MIDWEST CITY","OK",73130,35.4419162300001,-97.356644632,318,"9824 RAIL ROAD, MIDWEST CITY, OK, 73130","Match","Non_Exact","9824 RAILROAD, MIDWEST CITY, OK, 73130",100422737,"L"
320819,"9824 ROSENSTEEL AVENUE","SILVER SPRING","MD",20910,39.016640614,-77.0516304349999,319,"9824 ROSENSTEEL AVENUE, SILVER SPRING, MD, 20910","Match","Exact","9824 ROSENSTEEL AVE, SILVER SPRING, MD, 20910",642140926,"L"
320820,"9824 US HIGHWAY 25E","PINEVILLE","KY",40977,NA,NA,320,"9824 US HIGHWAY 25E, PINEVILLE, KY, 40977","No_Match",NA,NA,NA,NA
320821,"9825 BRANDT AVE","OAK LAWN","IL",60453,41.713944375,-87.744664063,321,"9825 BRANDT AVE, OAK LAWN, IL, 60453","Match","Exact","9825 BRANDT AVE, OAK LAWN, IL, 60453",111817841,"L"
320822,"9825 CENTENNIAL PLZ","LA VISTA","NE",68128,41.17110094,-96.065388535,322,"9825 CENTENNIAL PLZ, LA VISTA, NE, 68128","Match","Non_Exact","9825 CENTENNIAL RD, LA VISTA, NE, 68128",28500680,"L"
320823,"9825 N 35TH PLACE","PHOENIX","AZ",85028,33.5762961,-112.005548677,323,"9825 N 35TH PLACE, PHOENIX, AZ, 85028","Match","Exact","9825 N 35TH PL, PHOENIX, AZ, 85028",128218494,"R"
320824,"9825 NE 2ND AVE UNIT 530471","MIAMI SHORES","FL",33153,NA,NA,324,"9825 NE 2ND AVE UNIT 530471, MIAMI SHORES, FL, 33153","No_Match",NA,NA,NA,NA
320825,"9825 NE 2ND AVENUE UNIT 530778","MIAMI","FL",33153,NA,NA,325,"9825 NE 2ND AVENUE UNIT 530778, MIAMI, FL, 33153","No_Match",NA,NA,NA,NA
320826,"9825 PERRIN AVENUE","ST LOUIS","MO",63125,38.525685298,-90.2724523159999,326,"9825 PERRIN AVENUE, ST LOUIS, MO, 63125","Match","Exact","9825 PERRIN AVE, SAINT LOUIS, MO, 63125",100155800,"R"
320827,"9825 SIDEWINDER ST","EL PASO","TX",79924,31.8932191000001,-106.403022372,327,"9825 SIDEWINDER ST, EL PASO, TX, 79924","Match","Exact","9825 SIDEWINDER ST, EL PASO, TX, 79924",189339756,"L"
320828,"9826 CASCADE ST","FIRESTONE","CO",80504,40.1430148210001,-104.955067429,328,"9826 CASCADE ST, FIRESTONE, CO, 80504","Match","Exact","9826 CASCADE ST, FIRESTONE, CO, 80504",614126110,"L"
320829,"9826 MARLINK LANE","HOUSTON","TX",77025,29.6766819480001,-95.4372281559999,329,"9826 MARLINK LANE, HOUSTON, TX, 77025","Match","Exact","9826 MARLINK LN, HOUSTON, TX, 77025",643109654,"R"
320830,"9826 N LAKE CREEK PARKWAY STE 11309","AUSTIN","TX",78717,30.4714583150001,-97.790459007,330,"9826 N LAKE CREEK PARKWAY STE 11309, AUSTIN, TX, 78717","Match","Exact","9826 LAKE CREEK PKWY, AUSTIN, TX, 78717",620008202,"L"
320831,"9827 51ST AVE N","ST PETERSBURG","FL",33708,27.818395176,-82.77491781,331,"9827 51ST AVE N, ST PETERSBURG, FL, 33708","Match","Exact","9827 51ST AVE N, SAINT PETERSBURG, FL, 33708",124692169,"R"
320832,"9827 ASHBURN LAKE DR","TAMPA","FL",33610,27.988432362,-82.340505938,332,"9827 ASHBURN LAKE DR, TAMPA, FL, 33610","Match","Exact","9827 ASHBURN LAKE DR, TAMPA, FL, 33610",649948256,"L"
320833,"9827 DOMINION FOREST CIRCLE","FREDERICKSBURG","VA",22408,38.2287742020001,-77.4842458099999,333,"9827 DOMINION FOREST CIRCLE, FREDERICKSBURG, VA, 22408","Match","Exact","9827 DOMINION FOREST CIR, FREDERICKSBURG, VA, 22408",228802765,"R"
320834,"9827 ERINS GROVE CT","LAS VEGAS","NV",89147,36.104570933,-115.307296452,334,"9827 ERINS GROVE CT, LAS VEGAS, NV, 89147","Match","Exact","9827 ERINS GROVE CT, LAS VEGAS, NV, 89147",202004526,"L"
320835,"9827 S LASALLE AVE","LOS ANGELES","CA",90047,NA,NA,335,"9827 S LASALLE AVE, LOS ANGELES, CA, 90047","No_Match",NA,NA,NA,NA
320836,"9827 US HWY 522 S","LEWISTOWN","PA",17044,40.5692322130001,-77.6424645719999,336,"9827 US HWY 522 S, LEWISTOWN, PA, 17044","Match","Non_Exact","9827 US HWY 522, LEWISTOWN, PA, 17044",48025153,"L"
320837,"98273","RALEIGH","NC",27624,NA,NA,337,"98273, RALEIGH, NC, 27624","No_Match",NA,NA,NA,NA
320838,"9828 BRANCHWATER AVE","CHARLOTTE","NC",28277,35.02387837,-80.818413048,338,"9828 BRANCHWATER AVE, CHARLOTTE, NC, 28277","Match","Exact","9828 BRANCHWATER AVE, CHARLOTTE, NC, 28277",625272439,"R"
320839,"9828 CUMMINGS STREET","HUNTLEY","IL",60142,42.1865716730001,-88.4314443059999,339,"9828 CUMMINGS STREET, HUNTLEY, IL, 60142","Match","Exact","9828 CUMMINGS ST, HUNTLEY, IL, 60142",647213835,"R"
320840,"9828 GARDEN GROVE BLVD STE 106","GARDEN GROVE","CA",92844,33.774002786,-117.96096704,340,"9828 GARDEN GROVE BLVD STE 106, GARDEN GROVE, CA, 92844","Match","Exact","9828 GARDEN GROVE BLVD, GARDEN GROVE, CA, 92844",144035004,"R"
320841,"9828 N FORKER ROAD","SPOKANE","WA",99217,47.747491718,-117.207666567,341,"9828 N FORKER ROAD, SPOKANE, WA, 99217","Match","Exact","9828 N FORKER RD, SPOKANE, WA, 99217",189904838,"L"
320842,"9828 SNOW POINTE DRIVE SE","KENT","MI",49302,42.836568411,-85.4219904669999,342,"9828 SNOW POINTE DRIVE SE, KENT, MI, 49302","Match","Non_Exact","9828 SNOW POINTE DR SE, ALTO, MI, 49302",12489533,"R"
320843,"9829 BUCKHEAD CT","WINDERMERE","FL",34786,28.4620995110001,-81.535973439,343,"9829 BUCKHEAD CT, WINDERMERE, FL, 34786","Match","Exact","9829 BUCKHEAD CT, WINDERMERE, FL, 34786",94378636,"L"
320844,"9829 CASH MOUNTAIN RD","HELOTES","TX",78023,29.5880718080001,-98.680945111,344,"9829 CASH MOUNTAIN RD, HELOTES, TX, 78023","Match","Exact","9829 CASH MOUNTAIN RD, HELOTES, TX, 78023",640621244,"R"
320845,"9829 NW 1ST CT","PLANTATION","FL",33324,26.1219099090001,-80.280286801,345,"9829 NW 1ST CT, PLANTATION, FL, 33324","Match","Exact","9829 NW 1ST CT, PLANTATION, FL, 33324",114764432,"L"
320846,"98296 S 4652 ROAD","SALLISAW","OK",74955,NA,NA,346,"98296 S 4652 ROAD, SALLISAW, OK, 74955","No_Match",NA,NA,NA,NA
320847,"9829A LOVE RD","FT MEADE","MD",20755,39.10721313,-76.762330651,347,"9829A LOVE RD, FT MEADE, MD, 20755","Match","Exact","9829 LOVE RD, FORT MEADE, MD, 20755",68212937,"R"
320848,"9829A LOVE ROAD STE 5260","FORT MEADE","MD",20755,39.10721313,-76.762330651,348,"9829A LOVE ROAD STE 5260, FORT MEADE, MD, 20755","Match","Exact","9829 LOVE RD, FORT MEADE, MD, 20755",68212937,"R"
320849,"983  PARK ST APT 203","CLEARWATER","FL",33755,27.96491035,-82.793327292,349,"983  PARK ST APT 203, CLEARWATER, FL, 33755","Match","Exact","983 PARK ST, CLEARWATER, FL, 33755",648197745,"R"
320850,"983 46TH ST APT B","BROOKLYN","NY",11219,40.640988823,-73.997445247,350,"983 46TH ST APT B, BROOKLYN, NY, 11219","Match","Exact","983 46TH ST, BROOKLYN, NY, 11219",59079995,"L"
320851,"983 AVENUE H","TALLADEGA","AL",35160,33.452154966,-86.090067585,351,"983 AVENUE H, TALLADEGA, AL, 35160","Match","Exact","983 AVE H, TALLADEGA, AL, 35160",66935261,"R"
320852,"983 BELLAIRE LN","ROCKLEDGE","FL",32955,28.3133971020001,-80.732744812,352,"983 BELLAIRE LN, ROCKLEDGE, FL, 32955","Match","Exact","983 BELLAIRE LN, ROCKLEDGE, FL, 32955",93895204,"L"
320853,"983 COX ROAD","NORTH BRUNSWICK","NJ",8902,40.4669559290001,-74.4713806359999,353,"983 COX ROAD, NORTH BRUNSWICK, NJ, 8902","Match","Exact","983 COX RD, N BRUNSWICK, NJ, 08902",60263441,"L"
320854,"983 KING WAY","BREINIGSVILLE","PA",18031,40.544909261,-75.622912486,354,"983 KING WAY, BREINIGSVILLE, PA, 18031","Match","Exact","983 KING WAY, BREINIGSVILLE, PA, 18031",627839244,"R"
320855,"983 LURLINE DR","FOSTER CITY","CA",94404,37.556924451,-122.259919983,355,"983 LURLINE DR, FOSTER CITY, CA, 94404","Match","Exact","983 LURLINE DR, FOSTER CITY, CA, 94404",192384450,"L"
320856,"983 MILITARY TURNPIKE","PLATTSBURGH","NY",12901,44.659298789,-73.5098908099999,356,"983 MILITARY TURNPIKE, PLATTSBURGH, NY, 12901","Match","Exact","983 MILITARY TPKE, PLATTSBURGH, NY, 12901",136080484,"L"
320857,"983 NW  111 STREET","MIAMI","FL",33168,25.8763420780001,-80.213991232,357,"983 NW  111 STREET, MIAMI, FL, 33168","Match","Exact","983 NW 111TH ST, MIAMI, FL, 33168",116033789,"R"
320858,"983 ROSEBERRY DRIVE","LAS VEGAS","NV",89138,36.1622848750001,-115.347292802,358,"983 ROSEBERRY DRIVE, LAS VEGAS, NV, 89138","Match","Exact","983 ROSEBERRY DR, LAS VEGAS, NV, 89138",612683868,"R"
320859,"983 S INTERMEDIATE LAKE RD","CENTRAL LAKE","MI",49622,NA,NA,359,"983 S INTERMEDIATE LAKE RD, CENTRAL LAKE, MI, 49622","Tie",NA,NA,NA,NA
320860,"983 W TENNYSON RD APT 308","HAYWARD","CA",94544,37.631455784,-122.072933265,360,"983 W TENNYSON RD APT 308, HAYWARD, CA, 94544","Match","Non_Exact","983 W TENNYSON RD, HAYWARD, CA, 94544",125059781,"R"
320861,"983 WATERVLIET SHAKER ROAD","ALBANY","NY",12205,42.738738686,-73.827691434,361,"983 WATERVLIET SHAKER ROAD, ALBANY, NY, 12205","Match","Exact","983 WATERVLIET SHAKER RD, ALBANY, NY, 12205",634296055,"R"
320862,"983 WEST GRINDELWALD LANE","MIDWAY","UT",84049,NA,NA,362,"983 WEST GRINDELWALD LANE, MIDWAY, UT, 84049","No_Match",NA,NA,NA,NA
320863,"9830 ALDEA AVE","NORTHRIDGE","CA",91325,34.249063059,-118.508958922,363,"9830 ALDEA AVE, NORTHRIDGE, CA, 91325","Match","Exact","9830 ALDEA AVE, NORTHRIDGE, CA, 91325",141543657,"R"
320864,"9830 AUTUMN VALLEY","CONVERSE","TX",78109,29.4956183520001,-98.293604192,364,"9830 AUTUMN VALLEY, CONVERSE, TX, 78109","Match","Exact","9830 AUTUMN VALLEY, CONVERSE, TX, 78109",101576571,"R"
320865,"9830 JOOR ROAD","BATON ROUGE","LA",70818,30.5382168960001,-91.058449764,365,"9830 JOOR ROAD, BATON ROUGE, LA, 70818","Match","Exact","9830 JOOR RD, BATON ROUGE, LA, 70818",92202616,"R"
320866,"9830 LORI ROAD","CHESTERFIELD","VA",23832,37.3775362960001,-77.5081881579999,366,"9830 LORI ROAD, CHESTERFIELD, VA, 23832","Match","Exact","9830 LORI RD, CHESTERFIELD, VA, 23832",201580451,"R"
320867,"9830 MEMORIAL CROSSING DR","TOMBALL","TX",77375,30.0268285270001,-95.577578901,367,"9830 MEMORIAL CROSSING DR, TOMBALL, TX, 77375","Match","Exact","9830 MEMORIAL CROSSING DR, TOMBALL, TX, 77375",624995601,"R"
320868,"9830 WOODSBORO RD","FREDERICK","MD",21701,39.4999853150001,-77.26724527,368,"9830 WOODSBORO RD, FREDERICK, MD, 21701","Match","Exact","9830 WOODSBORO RD, FREDERICK, MD, 21701",638668234,"L"
320869,"9831 10TH AVENUE SOUTH","BLOOMINGTON","MN",55420,44.8256700690001,-93.26070347,369,"9831 10TH AVENUE SOUTH, BLOOMINGTON, MN, 55420","Match","Exact","9831 10TH AVE S, BLOOMINGTON, MN, 55420",43596698,"L"
320870,"9831 DARBY CREEK AVE NW","CONCORD","NC",28027,35.4158505090001,-80.739952331,370,"9831 DARBY CREEK AVE NW, CONCORD, NC, 28027","Match","Exact","9831 DARBY CREEK AVE NW, CONCORD, NC, 28027",618563572,"L"
320871,"9831 FOX DEN DR","LITTLETON","CO",80125,39.477065472,-105.069748661,371,"9831 FOX DEN DR, LITTLETON, CO, 80125","Match","Exact","9831 FOX DEN DR, LITTLETON, CO, 80125",130835673,"L"
320872,"9831 GLADE AVE","CHATSWORTH","CA",91311,34.2490429370001,-118.608240686,372,"9831 GLADE AVE, CHATSWORTH, CA, 91311","Match","Exact","9831 GLADE AVE, CHATSWORTH, CA, 91311",142668258,"L"
320873,"9831 S 51ST STREET  E126","PHOENIX","AZ",85044,33.357996019,-111.974828254,373,"9831 S 51ST STREET  E126, PHOENIX, AZ, 85044","Match","Non_Exact","9831 S 51ST ST, PHOENIX, AZ, 85044",653265753,"L"
320874,"9831 S AVENUE M","CHICAGO","IL",60617,41.716784977,-87.5376892849999,374,"9831 S AVENUE M, CHICAGO, IL, 60617","Match","Exact","9831 S AVE M, CHICAGO, IL, 60617",636036666,"R"
320875,"9831 S DAMEN AVE","CHICAGO","IL",60643,41.7150033520001,-87.672174995,375,"9831 S DAMEN AVE, CHICAGO, IL, 60643","Match","Non_Exact","9831 S DAMEN AVE, CHICAGO, IL, 60643",111822782,"L"
320876,"9831 S NOTTINGHAM AVE APT 14","CHICAGO RIDGE","IL",60415,41.7131593930001,-87.796122399,376,"9831 S NOTTINGHAM AVE APT 14, CHICAGO RIDGE, IL, 60415","Match","Exact","9831 NOTTINGHAM AVE, CHICAGO RIDGE, IL, 60415",111812033,"L"
320877,"9831 SEPULVEDA BLVD UNIT 18","NORTH HILLS","CA",91343,34.248703436,-118.467566,377,"9831 SEPULVEDA BLVD UNIT 18, NORTH HILLS, CA, 91343","Match","Non_Exact","9831 N SEPULVEDA BLVD, NORTH HILLS, CA, 91343",241188550,"L"
320878,"9831 SHEPARDS CIR","KANSAS CITY","MO",64131,NA,NA,378,"9831 SHEPARDS CIR, KANSAS CITY, MO, 64131","No_Match",NA,NA,NA,NA
320879,"9831 WHITE BLOSSOM BLVD","LOUISVILLE","KY",40241,38.3007968950001,-85.565704974,379,"9831 WHITE BLOSSOM BLVD, LOUISVILLE, KY, 40241","Match","Exact","9831 WHITE BLOSSOM BLVD, LOUISVILLE, KY, 40241",96890015,"L"
320880,"9832 A MAGLEDT RD","BALTIMORE","MD",21234,39.403060897,-76.499883078,380,"9832 A MAGLEDT RD, BALTIMORE, MD, 21234","Match","Exact","9832 MAGLEDT RD, BALTIMORE, MD, 21234",191568524,"L"
320881,"9832 KALE STREET","SOUTH EL MONTE","CA",91733,34.0563678990001,-118.054455602,381,"9832 KALE STREET, SOUTH EL MONTE, CA, 91733","Match","Exact","9832 KALE ST, S EL MONTE, CA, 91733",142807727,"R"
320882,"9832 MILAN DR","STOCKTON","CA",95212,38.041301753,-121.262738721,382,"9832 MILAN DR, STOCKTON, CA, 95212","Match","Exact","9832 MILAN DR, STOCKTON, CA, 95212",133891985,"L"
320883,"9833 GREENSIDE DR","COCKEYSVILLE","MD",21030,39.4632675030001,-76.630378604,383,"9833 GREENSIDE DR, COCKEYSVILLE, MD, 21030","Match","Exact","9833 GREENSIDE DR, COCKEYSVILLE, MD, 21030",191470541,"R"
320884,"9833 HALLS FERRY ROAD","SAINT LOUIS","MO",63136,38.742292331,-90.2521456119999,384,"9833 HALLS FERRY ROAD, SAINT LOUIS, MO, 63136","Match","Exact","9833 HALLS FERRY RD, SAINT LOUIS, MO, 63136",100149482,"L"
320885,"9833 LIBERTY ROAD","RANDALLSTOWN","MD",21133,39.380599428,-76.821903656,385,"9833 LIBERTY ROAD, RANDALLSTOWN, MD, 21133","Match","Exact","9833 LIBERTY RD, RANDALLSTOWN, MD, 21133",191550401,"R"
320886,"9833 N MCKINLEY RD","CAMPBELLSBURG","IN",47108,38.7422985440001,-86.2001170349999,386,"9833 N MCKINLEY RD, CAMPBELLSBURG, IN, 47108","Match","Exact","9833 N MCKINLEY RD, CAMPBELLSBURG, IN, 47108",77553373,"R"
320887,"9833 NORTH RIDGE SHADOW PLACE","ORO VALLEY","AZ",85704,32.3849688700001,-110.953386997,387,"9833 NORTH RIDGE SHADOW PLACE, ORO VALLEY, AZ, 85704","Match","Exact","9833 N RIDGE SHADOW PL, ORO VALLEY, AZ, 85704",625345043,"R"
320888,"9834 JENO ROAD","MILTON","FL",32583,30.626020618,-86.8995197089999,388,"9834 JENO ROAD, MILTON, FL, 32583","Match","Exact","9834 JENO RD, MILTON, FL, 32583",74573845,"L"
320889,"9834 LAKEPOINTE DRIVE","BURKE","VA",22015,38.802683642,-77.285373579,389,"9834 LAKEPOINTE DRIVE, BURKE, VA, 22015","Match","Exact","9834 LAKEPOINTE DR, BURKE, VA, 22015",76016354,"R"
320890,"9834 N JAGGED CIRCLE","FOUNTAIN HILLS","AZ",85268,33.576091696,-111.763325813,390,"9834 N JAGGED CIRCLE, FOUNTAIN HILLS, AZ, 85268","Match","Exact","9834 JAGGED CIR, FOUNTAIN HILLS, AZ, 85268",244022584,"R"
320891,"9834 PARK ST APT C","BELLFLOWER","CA",90706,33.878459745,-118.123916118,391,"9834 PARK ST APT C, BELLFLOWER, CA, 90706","Match","Exact","9834 PARK ST, BELLFLOWER, CA, 90706",241246724,"R"
320892,"9835 AUBURN ROAD","FORT WAYNE","IN",46825,41.173112046,-85.114508094,392,"9835 AUBURN ROAD, FORT WAYNE, IN, 46825","Match","Exact","9835 AUBURN RD, FORT WAYNE, IN, 46825",647255301,"L"
320893,"9835 FLOWER ST 1666","BELLFLOWER","CA",90706,33.8820934760001,-118.123990133,393,"9835 FLOWER ST 1666, BELLFLOWER, CA, 90706","Match","Exact","9835 FLOWER ST, BELLFLOWER, CA, 90706",241246716,"L"
320894,"9835 FLOWER STREET  UNIT 893","BELLFLOWER","CA",90706,33.8820934760001,-118.123990133,394,"9835 FLOWER STREET  UNIT 893, BELLFLOWER, CA, 90706","Match","Exact","9835 FLOWER ST, BELLFLOWER, CA, 90706",241246716,"L"
320895,"9835 FLOWER STREET UNIT 575","BELLFLOWER","CA",90706,33.8820934760001,-118.123990133,395,"9835 FLOWER STREET UNIT 575, BELLFLOWER, CA, 90706","Match","Exact","9835 FLOWER ST, BELLFLOWER, CA, 90706",241246716,"L"
320896,"9835 NORTH SAM HOUSTON PKWY E 7103","HUMBLE","TX",77396,29.9346888110001,-95.2394232619999,396,"9835 NORTH SAM HOUSTON PKWY E 7103, HUMBLE, TX, 77396","Match","Exact","9835 N SAM HOUSTON PKWY E, HUMBLE, TX, 77396",638189836,"L"
320897,"9835 SW IOWA DRIVE","TUALATIN","OR",97062,45.3560947930001,-122.778205488,397,"9835 SW IOWA DRIVE, TUALATIN, OR, 97062","Match","Exact","9835 SW IOWA DR, TUALATIN, OR, 97062",158221978,"R"
320898,"9836 NW 48 COURT","CORAL SPRINGS","FL",33076,26.291050747,-80.255631882,398,"9836 NW 48 COURT, CORAL SPRINGS, FL, 33076","Match","Exact","9836 NW 48TH CT, CORAL SPRINGS, FL, 33076",114774146,"L"
320899,"9836 SOUTH DAMEN AVE","CHICAGO","IL",60643,41.714919405,-87.672187218,399,"9836 SOUTH DAMEN AVE, CHICAGO, IL, 60643","Match","Exact","9836 S DAMEN AVE, CHICAGO, IL, 60643",111822782,"R"
320900,"9836 TROY LANE N","MAPLE GROVE","MN",55311,45.133949563,-93.5127588139999,400,"9836 TROY LANE N, MAPLE GROVE, MN, 55311","Match","Exact","9836 TROY LN N, MAPLE GROVE, MN, 55311",43676089,"R"
320901,"9836 W FREIBURG DR 4G","LITTLETON","CO",80127,39.5368501670001,-105.109580754,401,"9836 W FREIBURG DR 4G, LITTLETON, CO, 80127","Match","Non_Exact","9836 W FREIBURG DR, LITTLETON, CO, 80127",177764520,"R"
320902,"9837 GUIDE MERIDIAN RD","LYNDEN","WA",98264,48.998533609,-122.485087824,402,"9837 GUIDE MERIDIAN RD, LYNDEN, WA, 98264","Match","Exact","9837 GUIDE MERIDIAN RD, LYNDEN, WA, 98264",183809618,"L"
320903,"9837 LACKMAN RD","LENEXA","KS",66219,38.950545849,-94.7608612939999,403,"9837 LACKMAN RD, LENEXA, KS, 66219","Match","Exact","9837 LACKMAN RD, LENEXA, KS, 66219",652354620,"L"
320904,"9837 WILLOW CREEK ROAD","KIMBALL","MN",55353,45.308531058,-94.3130334909999,404,"9837 WILLOW CREEK ROAD, KIMBALL, MN, 55353","Match","Exact","9837 WILLOW CREEK RD, KIMBALL, MN, 55353",107441157,"R"
320905,"9838 NEVADA AVENUE","CHATSWORTH","CA",91311,34.2489765130001,-118.60910898,405,"9838 NEVADA AVENUE, CHATSWORTH, CA, 91311","Match","Exact","9838 NEVADA AVE, CHATSWORTH, CA, 91311",141532318,"R"
320906,"9838 OLD BAYMEADOWS RD STE 283","JACKSONVILLE","FL",32256,30.219000533,-81.555500868,406,"9838 OLD BAYMEADOWS RD STE 283, JACKSONVILLE, FL, 32256","Match","Exact","9838 BAYMEADOWS RD, JACKSONVILLE, FL, 32256",83966684,"L"
320907,"9838 WANDA PARK DRIVE","BEVERLY HILLS","CA",90210,34.114821039,-118.432080243,407,"9838 WANDA PARK DRIVE, BEVERLY HILLS, CA, 90210","Match","Exact","9838 WANDA PARK DR, BEVERLY HILLS, CA, 90210",141562796,"L"
320908,"9839 CHIPPEWA HTS NW","BRANDON","MN",56315,45.994982527,-95.558077209,408,"9839 CHIPPEWA HTS NW, BRANDON, MN, 56315","Match","Exact","9839 CHIPPEWA HTS NW, BRANDON, MN, 56315",204660076,"R"
320909,"9839 EMORY RD","FORT GEORGE G MEADE","MD",20755,39.105488101,-76.76675341,409,"9839 EMORY RD, FORT GEORGE G MEADE, MD, 20755","Match","Exact","9839 EMORY RD, FORT GEORGE G MEADE, MD, 20755",68212936,"L"
320910,"9839 JOSEPH CAMAU ST","HAMTRAMCK","MI",48212,42.3972695210001,-83.058139968,410,"9839 JOSEPH CAMAU ST, HAMTRAMCK, MI, 48212","Match","Non_Exact","9839 JOSEPH CAMPAU ST, HAMTRAMCK, MI, 48212",95465241,"L"
320911,"9839 NW 28TH COURT","CORAL SPRINGS","FL",33050,NA,NA,411,"9839 NW 28TH COURT, CORAL SPRINGS, FL, 33050","No_Match",NA,NA,NA,NA
320912,"9839 TOLWORTH CIRCLE","RANDALLSTOWN","MD",21133,39.381505825,-76.819506202,412,"9839 TOLWORTH CIRCLE, RANDALLSTOWN, MD, 21133","Match","Exact","9839 TOLWORTH CIR, RANDALLSTOWN, MD, 21133",191463155,"L"
320913,"984 CHAMBERS BLVD","BARDSTOWN","KY",40004,37.82715054,-85.471919127,413,"984 CHAMBERS BLVD, BARDSTOWN, KY, 40004","Match","Exact","984 CHAMBERS BLVD, BARDSTOWN, KY, 40004",35147909,"L"
320914,"984 CHARLES ST","NORTH PROVIDENCE","RI",2904,41.8646506590001,-71.423779312,414,"984 CHARLES ST, NORTH PROVIDENCE, RI, 2904","Match","Exact","984 CHARLES ST, N PROVIDENCE, RI, 02904",47457671,"L"
320915,"984 DUMONT AVE 2R","BROOKLYN","NY",11208,40.668102,-73.882234647,415,"984 DUMONT AVE 2R, BROOKLYN, NY, 11208","Match","Exact","984 DUMONT AVE, BROOKLYN, NY, 11208",59085230,"R"
320916,"984 EAST APRICOT AVENUE","TULARE","CA",93274,36.212025791,-119.333856086,416,"984 EAST APRICOT AVENUE, TULARE, CA, 93274","Match","Exact","984 E APRICOT AVE, TULARE, CA, 93274",202783956,"L"
320917,"984 EDWARDS LAKE ROAD","BIRMINGHAM","AL",35235,33.6088926910001,-86.677427485,417,"984 EDWARDS LAKE ROAD, BIRMINGHAM, AL, 35235","Match","Exact","984 EDWARDS LAKE RD, BIRMINGHAM, AL, 35235",81626544,"L"
320918,"984 FIRST COLONIAL RD SUITE 305","VIRGINIA BEACH","VA",23454,36.8589345350001,-76.0262195449999,418,"984 FIRST COLONIAL RD SUITE 305, VIRGINIA BEACH, VA, 23454","Match","Exact","984 FIRST COLONIAL RD, VIRGINIA BCH, VA, 23454",122285462,"R"
320919,"984 HOMEWOOD AVENUE","SALEM","OH",44460,40.8927164410001,-80.844829217,419,"984 HOMEWOOD AVENUE, SALEM, OH, 44460","Match","Exact","984 HOMEWOOD AVE, SALEM, OH, 44460",63644332,"L"
320920,"984 KEMPTON ST","NEW BEDFORD","MA",2740,41.635791747,-70.9520082779999,420,"984 KEMPTON ST, NEW BEDFORD, MA, 2740","Match","Exact","984 KEMPTON ST, NEW BEDFORD, MA, 02740",46751584,"L"
320921,"984 LAFAYETTE LANDING COURT","SAINT CHARLES","MO",63303,38.7456228240001,-90.534104631,421,"984 LAFAYETTE LANDING COURT, SAINT CHARLES, MO, 63303","Match","Exact","984 LAFAYETTE LANDING CT, SAINT CHARLES, MO, 63303",100100926,"R"
320922,"984 LONDON RD","WEST JEFFERSON","OH",43162,39.936652248,-83.293876204,422,"984 LONDON RD, WEST JEFFERSON, OH, 43162","Match","Exact","984 LONDON RD, W JEFFERSON, OH, 43162",645570558,"R"
320923,"984 MAIN STREET","ASHBY","MA",1431,42.6787150750001,-71.8249918719999,423,"984 MAIN STREET, ASHBY, MA, 1431","Match","Exact","984 MAIN ST, ASHBY, MA, 01431",86838130,"L"
320924,"984 MAPLEWOOD AVENUE","BRIDGEPORT","CT",6605,41.173444669,-73.2167378,424,"984 MAPLEWOOD AVENUE, BRIDGEPORT, CT, 6605","Match","Exact","984 MAPLEWOOD AVE, BRIDGEPORT, CT, 06605",3221865,"R"
320925,"984 ROXBURY ROAD","SOUTHBURY","CT",6488,41.508931267,-73.243956114,425,"984 ROXBURY ROAD, SOUTHBURY, CT, 6488","Match","Exact","984 ROXBURY RD, SOUTHBURY, CT, 06488",628114345,"L"
320926,"984 S WESTERN SKIES DR","GILBERT","AZ",85296,33.3326263700001,-111.762582529,426,"984 S WESTERN SKIES DR, GILBERT, AZ, 85296","Match","Exact","984 S WESTERN SKIES DR, GILBERT, AZ, 85296",128799974,"L"
320927,"984 SANFORD AVENUE","IRVINGTON","NJ",7111,40.7285742390001,-74.240586525,427,"984 SANFORD AVENUE, IRVINGTON, NJ, 7111","Match","Exact","984 SANFORD AVE, IRVINGTON, NJ, 07111",63463632,"L"
320928,"984 SAVANNAH WAY SW","CORYDON","IN",47112,38.182768566,-86.145243475,428,"984 SAVANNAH WAY SW, CORYDON, IN, 47112","Match","Exact","984 SAVANNAH WAY SW, CORYDON, IN, 47112",34813816,"R"
320929,"984 SHAW CIRCLE","MELBOURNE","FL",32940,28.248732112,-80.695099269,429,"984 SHAW CIRCLE, MELBOURNE, FL, 32940","Match","Exact","984 SHAW CIR, MELBOURNE, FL, 32940",640618861,"R"
320930,"984 SPRUCE CREEK LANE","LAWRENCEVILLE","GA",30045,33.941255729,-83.939810117,430,"984 SPRUCE CREEK LANE, LAWRENCEVILLE, GA, 30045","Match","Exact","984 SPRUCE CREEK LN, LAWRENCEVILLE, GA, 30045",88926116,"L"
320931,"984 THOMAS STREET","MEMPHIS","TN",38107,35.1683390110001,-90.036165648,431,"984 THOMAS STREET, MEMPHIS, TN, 38107","Match","Exact","984 THOMAS ST, MEMPHIS, TN, 38107",639168961,"R"
320932,"984 TUCKERTON ROAD","EVESHAM","NJ",8053,39.883313312,-74.8772850839999,432,"984 TUCKERTON ROAD, EVESHAM, NJ, 8053","Match","Exact","984 TUCKERTON RD, EVESHAM, NJ, 08053",134037499,"R"
320933,"984 TUCKERTON ROAD","MARLTON","NJ",8053,39.883313312,-74.8772850839999,433,"984 TUCKERTON ROAD, MARLTON, NJ, 8053","Match","Exact","984 TUCKERTON RD, MARLTON, NJ, 08053",134037499,"R"
320934,"984 W CAROLYN CT","COLTON","CA",92324,34.0869793410001,-117.338062909,434,"984 W CAROLYN CT, COLTON, CA, 92324","Match","Exact","984 W CAROLYN CT, COLTON, CA, 92324",144979305,"L"
320935,"9840 1/2 BRYSON AVE","SOUTH GATE","CA",90280,33.9439104080001,-118.193309483,435,"9840 1/2 BRYSON AVE, SOUTH GATE, CA, 90280","Match","Exact","9840 BRYSON AVE, SOUTH GATE, CA, 90280",142765023,"L"
320936,"9840 ALTERNATE A1A SUITE 402","PALM BEACH GARDENS","FL",33410,NA,NA,436,"9840 ALTERNATE A1A SUITE 402, PALM BEACH GARDENS, FL, 33410","No_Match",NA,NA,NA,NA
320937,"9840 PINEAPPLE TR DR STE 105","BOYNTON BEACH","FL",33436,NA,NA,437,"9840 PINEAPPLE TR DR STE 105, BOYNTON BEACH, FL, 33436","No_Match",NA,NA,NA,NA
320938,"9840 PINEAPPLE TRAIL DRIVE  STE 105","BOYNTON BEACH","FL",33436,NA,NA,438,"9840 PINEAPPLE TRAIL DRIVE  STE 105, BOYNTON BEACH, FL, 33436","No_Match",NA,NA,NA,NA
320939,"9840 VIA MONTARA","MORENO VALLEY","CA",92557,33.9779498,-117.259896197,439,"9840 VIA MONTARA, MORENO VALLEY, CA, 92557","Match","Exact","9840 VIA MONTARA, MORENO VALLEY, CA, 92557",608993441,"R"
320940,"9841 64TH ROAD 8C","REGO PARK","NY",11374,NA,NA,440,"9841 64TH ROAD 8C, REGO PARK, NY, 11374","No_Match",NA,NA,NA,NA
320941,"9841 FRIESIAN STREET","LAS VEGAS","NV",89143,36.327919266,-115.291598706,441,"9841 FRIESIAN STREET, LAS VEGAS, NV, 89143","Match","Exact","9841 FRIESIAN ST, LAS VEGAS, NV, 89143",612691058,"L"
320942,"9841 SOUTH INTERSTATE 35 W","GRANDVIEW","TX",76050,NA,NA,442,"9841 SOUTH INTERSTATE 35 W, GRANDVIEW, TX, 76050","No_Match",NA,NA,NA,NA
320943,"9841 VIEW HIGH DRIVE","KANSAS CITY","MO",64134,38.942928205,-94.456319121,443,"9841 VIEW HIGH DRIVE, KANSAS CITY, MO, 64134","Match","Exact","9841 VIEW HIGH DR, KANSAS CITY, MO, 64134",91467600,"L"
320944,"9841 WASHINGTONIAN BLVD","GAITHERSBURG","VA",20878,NA,NA,444,"9841 WASHINGTONIAN BLVD, GAITHERSBURG, VA, 20878","No_Match",NA,NA,NA,NA
320945,"9841 YORK ALPHA DR UNIT K","NORTH ROYALTON","OH",44133,41.316741424,-81.761804191,445,"9841 YORK ALPHA DR UNIT K, NORTH ROYALTON, OH, 44133","Match","Exact","9841 YORK ALPHA DR, N ROYALTON, OH, 44133",61132753,"L"
320946,"98413 HWY 100","GORE","OK",74435,NA,NA,446,"98413 HWY 100, GORE, OK, 74435","No_Match",NA,NA,NA,NA
320947,"9842 BAYVIEW PARKWAY","CHARLOTTE","NC",28216,35.3411781720001,-80.867367959,447,"9842 BAYVIEW PARKWAY, CHARLOTTE, NC, 28216","Match","Exact","9842 BAYVIEW PKWY, CHARLOTTE, NC, 28216",70561682,"R"
320948,"9842 BOLSA AVE STE B106","WESTMINSTER","CA",92683,33.744906024,-117.959284799,448,"9842 BOLSA AVE STE B106, WESTMINSTER, CA, 92683","Match","Exact","9842 BOLSA AVE, WESTMINSTER, CA, 92683",144416386,"R"
320949,"9842 NEWPORT WAY","CYPRESS","CA",90630,33.818579502,-118.030392562,449,"9842 NEWPORT WAY, CYPRESS, CA, 90630","Match","Exact","9842 NEWPORT WAY, CYPRESS, CA, 90630",143999767,"L"
320950,"9843 BRIGHT ST","SPRING VALLEY","CA",91977,32.7426907180001,-116.985986328,450,"9843 BRIGHT ST, SPRING VALLEY, CA, 91977","Match","Exact","9843 BRIGHT ST, SPRING VALLEY, CA, 91977",195362362,"R"
320951,"9843 E IDAHO STREET","AURORA","CO",80247,39.6902835650001,-104.873362654,451,"9843 E IDAHO STREET, AURORA, CO, 80247","Match","Exact","9843 E IDAHO ST, AURORA, CO, 80247",177536174,"L"
320952,"9843 RAMONA STREET","BELLFLOWER","CA",90706,33.873016674,-118.124159146,452,"9843 RAMONA STREET, BELLFLOWER, CA, 90706","Match","Exact","9843 RAMONA ST, BELLFLOWER, CA, 90706",241246738,"L"
320953,"9843 SVL BOX","VICTORVILLE","CA",92395,NA,NA,453,"9843 SVL BOX, VICTORVILLE, CA, 92395","No_Match",NA,NA,NA,NA
320954,"9844 KARLOV","SKOKIE","IL",60076,42.059698666,-87.729822252,454,"9844 KARLOV, SKOKIE, IL, 60076","Match","Non_Exact","9844 KARLOV AVE, SKOKIE, IL, 60076",111739929,"L"
320955,"9844 SINGLETON COURT","BETHESDA","MD",20817,39.0128282680001,-77.1278219499999,455,"9844 SINGLETON COURT, BETHESDA, MD, 20817","Match","Exact","9844 SINGLETON CT, BETHESDA, MD, 20817",62057979,"L"
320956,"9845 HORN ROAD SUITE 100","SACRAMENTO","CA",95827,38.574679986,-121.329283686,456,"9845 HORN ROAD SUITE 100, SACRAMENTO, CA, 95827","Match","Exact","9845 HORN RD, SACRAMENTO, CA, 95827",133390269,"R"
320957,"9845 W 200 S","RUSSIAVILLE","IN",46979,40.4461461240001,-86.306694959,457,"9845 W 200 S, RUSSIAVILLE, IN, 46979","Match","Exact","9845 W 200 S, RUSSIAVILLE, IN, 46979",27283927,"L"
320958,"9845 W ST RD 45","BLOOMINGTON","IN",47403,39.0868343160001,-86.6784514239999,458,"9845 W ST RD 45, BLOOMINGTON, IN, 47403","Match","Non_Exact","9845 W STATE RD 45, BLOOMINGTON, IN, 47403",42337278,"L"
320959,"9846 ASHLEY CREEK RD","RAYMONDVILLE","MO",65555,NA,NA,459,"9846 ASHLEY CREEK RD, RAYMONDVILLE, MO, 65555","No_Match",NA,NA,NA,NA
320960,"9846 EST THOMAS","ST THOMAS","VI",802,NA,NA,460,"9846 EST THOMAS, ST THOMAS, VI, 802","No_Match",NA,NA,NA,NA
320961,"9846 HAMMOCKS BLVD STE 107","MIAMI","FL",33196,25.673126552,-80.444146433,461,"9846 HAMMOCKS BLVD STE 107, MIAMI, FL, 33196","Match","Exact","9846 HAMMOCKS BLVD, MIAMI, FL, 33196",651225786,"R"
320962,"9846 N CENTRAL ST","PORTLAND","OR",97203,45.598451894,-122.759045622,462,"9846 N CENTRAL ST, PORTLAND, OR, 97203","Match","Exact","9846 N CENTRAL ST, PORTLAND, OR, 97203",157493008,"L"
320963,"9846 ROSEHILL RD APT 11","BERRRIEN SPRINGS","MI",49103,41.940586081,-86.3397647909999,463,"9846 ROSEHILL RD APT 11, BERRRIEN SPRINGS, MI, 49103","Match","Non_Exact","9846 ROSEHILL RD, BERRIEN SPRINGS, MI, 49103",119995733,"L"
320964,"9847 CLANCY DRIVE","FRISCO","TX",75035,33.177586363,-96.795274992,464,"9847 CLANCY DRIVE, FRISCO, TX, 75035","Match","Exact","9847 CLANCY DR, FRISCO, TX, 75035",210527022,"R"
320965,"9847 COSTA MESA LANE UNIT 208","BONITA SPRINGS","FL",34135,26.3224153370001,-81.796667669,465,"9847 COSTA MESA LANE UNIT 208, BONITA SPRINGS, FL, 34135","Match","Exact","9847 COSTA MESA LN, BONITA SPGS, FL, 34135",118051568,"R"
320966,"9847 FM 1783","GATESVILLE","TX",76528,31.359637241,-97.9553465989999,466,"9847 FM 1783, GATESVILLE, TX, 76528","Match","Exact","9847 FM 1783, GATESVILLE, TX, 76528",648280711,"R"
320967,"9847 SNOW BIRD LANE","LAUREL","MD",20723,39.140753057,-76.856010316,467,"9847 SNOW BIRD LANE, LAUREL, MD, 20723","Match","Exact","9847 SNOW BIRD LN, LAUREL, MD, 20723",614143603,"L"
320968,"9848 APPLEGATE LN","BRIGHTON","MI",48114,42.5989306320001,-83.755821633,468,"9848 APPLEGATE LN, BRIGHTON, MI, 48114","Match","Exact","9848 APPLEGATE LN, BRIGHTON, MI, 48114",23543956,"R"
320969,"9848 NW 5TH COURT","PLANTATION","FL",33324,26.127207178,-80.281252475,469,"9848 NW 5TH COURT, PLANTATION, FL, 33324","Match","Exact","9848 NW 5TH CT, PLANTATION, FL, 33324",114811095,"R"
320970,"9848 OLYMPIC AVENUE","BATON ROUGE","LA",70814,30.4809251240001,-91.0762806179999,470,"9848 OLYMPIC AVENUE, BATON ROUGE, LA, 70814","Match","Exact","9848 OLYMPIC AVE, BATON ROUGE, LA, 70814",92190253,"R"
320971,"9848 US HIGHWAY 22 AND 3","CLARKSVILLE","OH",45113,39.401963746,-83.9828578459999,471,"9848 US HIGHWAY 22 AND 3, CLARKSVILLE, OH, 45113","Match","Non_Exact","22 3RD ST, CLARKSVILLE, OH, 45113",146849405,"R"
320972,"9848 VIDOR DRIVE 201","LOS ANGELES","CA",90035,34.0541506100001,-118.404253155,472,"9848 VIDOR DRIVE 201, LOS ANGELES, CA, 90035","Match","Exact","9848 VIDOR DR, LOS ANGELES, CA, 90035",141571719,"L"
320973,"9849 17TH AVE SW  STE 351","SEATTLE","WA",98106,47.514390157,-122.356425565,473,"9849 17TH AVE SW  STE 351, SEATTLE, WA, 98106","Match","Exact","9849 17TH AVE SW, SEATTLE, WA, 98106",186591339,"R"
320974,"9849 KENWORTHY STREET","EL PASO","TX",79924,31.8949118630001,-106.433060147,474,"9849 KENWORTHY STREET, EL PASO, TX, 79924","Match","Exact","9849 KENWORTHY ST, EL PASO, TX, 79924",189413989,"L"
320975,"9849 TANGLEWOOD LANE","AURORA","IN",47001,NA,NA,475,"9849 TANGLEWOOD LANE, AURORA, IN, 47001","No_Match",NA,NA,NA,NA
320976,"985 BROOKMONT DR SW","MARIETTA","GA",30064,33.9288698450001,-84.616372498,476,"985 BROOKMONT DR SW, MARIETTA, GA, 30064","Match","Exact","985 BROOKMONT DR SW, MARIETTA, GA, 30064",17203513,"L"
320977,"985 CHESTNUT STREET","FREELAND","PA",18224,41.0203241740001,-75.901713832,477,"985 CHESTNUT STREET, FREELAND, PA, 18224","Match","Exact","985 CHESTNUT ST, FREELAND, PA, 18224",80923462,"R"
320978,"985 CO ROAD 20","COLBY","KS",67701,39.265265399,-101.037119186,478,"985 CO ROAD 20, COLBY, KS, 67701","Match","Exact","985 CO RD 20, COLBY, KS, 67701",196549934,"R"
320979,"985 COUNTY ROAD 100","ATHENS","TN",37303,35.4395849520001,-84.742101685,479,"985 COUNTY ROAD 100, ATHENS, TN, 37303","Match","Exact","985 CO RD 100, ATHENS, TN, 37303",635419194,"R"
320980,"985 ELO RD","MCCALL","ID",83638,44.8832631550001,-116.073411135,480,"985 ELO RD, MCCALL, ID, 83638","Match","Exact","985 ELO RD, MCCALL, ID, 83638",650009394,"R"
320981,"985 JOHNSON NURSERY ROAD","WILLARD","NC",28478,34.681566075,-77.963559618,481,"985 JOHNSON NURSERY ROAD, WILLARD, NC, 28478","Match","Exact","985 JOHNSON NURSERY RD, WILLARD, NC, 28478",642920311,"R"
320982,"985 KENDALL DR SUITE A 298","SAN BERNARDINO","CA",92407,34.164149459,-117.305326774,482,"985 KENDALL DR SUITE A 298, SAN BERNARDINO, CA, 92407","Match","Non_Exact","985 W KENDALL DR, SAN BERNARDINO, CA, 92407",144651495,"L"
320983,"985 KENDALL DRIVE  SUITE A-233","SAN BERNARDINO","CA",92407,34.164149459,-117.305326774,483,"985 KENDALL DRIVE  SUITE A-233, SAN BERNARDINO, CA, 92407","Match","Non_Exact","985 W KENDALL DR, SAN BERNARDINO, CA, 92407",144651495,"L"
320984,"985 LINCOLN ROAD SUITE 224","BETTENDORF","IA",52722,41.53667317,-90.519226862,484,"985 LINCOLN ROAD SUITE 224, BETTENDORF, IA, 52722","Match","Exact","985 LINCOLN RD, BETTENDORF, IA, 52722",122727898,"R"
320985,"985 LOMA VERDE","EL PASO","TX",79936,31.7100480410001,-106.283286135,485,"985 LOMA VERDE, EL PASO, TX, 79936","Match","Non_Exact","985 LOMA VERDE DR, EL PASO, TX, 79936",189392903,"L"
320986,"985 MANOR DRIVE","SMYRNA","GA",30080,33.8741342440001,-84.524184111,486,"985 MANOR DRIVE, SMYRNA, GA, 30080","Match","Exact","985 MANOR DR, SMYRNA, GA, 30080",17181033,"L"
320987,"985 MARTIN LUTHER KING JR DR NW","ATLANTA","GA",30314,33.754751357,-84.4196254679999,487,"985 MARTIN LUTHER KING JR DR NW, ATLANTA, GA, 30314","Match","Non_Exact","985 MARTIN LUTHER KING JR DR SW, ATLANTA, GA, 30314",17342474,"R"
320988,"985 MILL POND RD/PO BOX 156","NEWBORN","GA",30056,33.500112421,-83.718492351,488,"985 MILL POND RD/PO BOX 156, NEWBORN, GA, 30056","Match","Non_Exact","985 MILL POND RD, NEWBORN, GA, 30056",23624802,"R"
320989,"985 MIMOSA LN","FRANKLIN","TX",77856,NA,NA,489,"985 MIMOSA LN, FRANKLIN, TX, 77856","No_Match",NA,NA,NA,NA
320990,"985 NESTINGWOOD CIRCLE WEST","CORDOVA","TN",38018,35.1517971980001,-89.7838631719999,490,"985 NESTINGWOOD CIRCLE WEST, CORDOVA, TN, 38018","Match","Non_Exact","985 NESTING WOOD CIR W, CORDOVA, TN, 38018",72976771,"L"
320991,"985 PEACHLAND AVE NE","PALM BAY","FL",32907,28.0234596080001,-80.667591736,491,"985 PEACHLAND AVE NE, PALM BAY, FL, 32907","Match","Exact","985 PEACHLAND AVE NE, PALM BAY, FL, 32907",93906980,"L"
320992,"985 POQUOSON AVE","POQUOSON","VA",23662,37.1282656490001,-76.366168739,492,"985 POQUOSON AVE, POQUOSON, VA, 23662","Match","Exact","985 POQUOSON AVE, POQUOSON, VA, 23662",103825377,"R"
320993,"985 PRIVATE ROAD 5980","YANTIS","TX",75497,32.8466844160001,-95.5631892169999,493,"985 PRIVATE ROAD 5980, YANTIS, TX, 75497","Match","Non_Exact","985 PVT RD 5980, YANTIS, TX, 75497",652109288,"L"
320994,"985 ROBERTS LANE","BESSEMER","AL",35023,33.480306162,-87.052594696,494,"985 ROBERTS LANE, BESSEMER, AL, 35023","Match","Exact","985 ROBERTS LN, BESSEMER, AL, 35023",81662798,"L"
320995,"985 ROUTE 68","NEW BRIGHTON","PA",15066,40.7384526800001,-80.230296424,495,"985 ROUTE 68, NEW BRIGHTON, PA, 15066","Match","Non_Exact","985 STATE RTE 68, NEW BRIGHTON, PA, 15066",52574733,"L"
320996,"985 S ORANGE STREET","NEWARK","NJ",7106,NA,NA,496,"985 S ORANGE STREET, NEWARK, NJ, 7106","No_Match",NA,NA,NA,NA
320997,"985 SOUTH ORANGE AVE","NEWARK","NJ",7106,NA,NA,497,"985 SOUTH ORANGE AVE, NEWARK, NJ, 7106","No_Match",NA,NA,NA,NA
320998,"985 TUSCARAWAS RD","BEAVER","PA",15009,40.6999312360001,-80.337369628,498,"985 TUSCARAWAS RD, BEAVER, PA, 15009","Match","Exact","985 TUSCARAWAS RD, BEAVER, PA, 15009",52558977,"L"
320999,"9850 BOLTON AVE","RIVERSIDE","CA",92503,33.923896927,-117.456573458,499,"9850 BOLTON AVE, RIVERSIDE, CA, 92503","Match","Exact","9850 BOLTON AVE, RIVERSIDE, CA, 92503",194789706,"L"
321000,"9850 COPPER EDGE ROAD","LAS VEGAS","NV",89148,NA,NA,500,"9850 COPPER EDGE ROAD, LAS VEGAS, NV, 89148","No_Match",NA,NA,NA,NA
